timestamp,index,memory_used_mib,memory_free_mib,utilization_gpu_pct,power_w,sm_clock_mhz
2026/08/30 00:58:35.344, 0, 22757, 1370, 0, 35.52, 210
2026/08/30 00:58:35.363, 1, 22733, 1394, 0, 43.35, 210
2026/08/30 00:58:35.380, 2, 22733, 1394, 0, 38.10, 210
2026/08/30 00:58:35.397, 3, 22733, 1394, 0, 36.66, 210
2026/08/30 00:58:36.608, 0, 22757, 1370, 0, 35.47, 210
2026/08/30 00:58:36.623, 1, 22733, 1394, 0, 43.26, 210
2026/08/30 00:58:36.636, 2, 22733, 1394, 0, 38.12, 210
2026/08/30 00:58:36.650, 3, 22733, 1394, 0, 36.67, 210
2026/08/30 00:58:37.859, 0, 22757, 1370, 0, 35.45, 210
2026/08/30 00:58:37.874, 1, 22733, 1394, 0, 43.19, 210
2026/08/30 00:58:37.889, 2, 22733, 1394, 0, 38.16, 210
2026/08/30 00:58:37.904, 3, 22733, 1394, 0, 36.64, 210
2026/08/30 00:58:39.110, 0, 22757, 1370, 0, 35.42, 210
2026/08/30 00:58:39.125, 1, 22733, 1394, 0, 42.94, 210
2026/08/30 00:58:39.139, 2, 22733, 1394, 0, 38.18, 210
2026/08/30 00:58:39.153, 3, 22733, 1394, 0, 36.64, 210
2026/08/30 00:58:40.361, 0, 22757, 1370, 0, 35.33, 210
2026/08/30 00:58:40.376, 1, 22733, 1394, 0, 43.02, 210
2026/08/30 00:58:40.390, 2, 22733, 1394, 0, 38.04, 210
2026/08/30 00:58:40.405, 3, 22733, 1394, 0, 36.65, 210
2026/08/30 00:58:41.600, 0, 22757, 1370, 0, 35.25, 210
2026/08/30 00:58:41.616, 1, 22733, 1394, 0, 42.96, 210
2026/08/30 00:58:41.630, 2, 22733, 1394, 0, 38.01, 210
2026/08/30 00:58:41.644, 3, 22733, 1394, 0, 36.64, 210
2026/08/30 00:58:42.864, 0, 22757, 1370, 0, 35.29, 210
2026/08/30 00:58:42.880, 1, 22733, 1394, 0, 43.01, 210
2026/08/30 00:58:42.894, 2, 22733, 1394, 0, 38.02, 210
2026/08/30 00:58:42.909, 3, 22733, 1394, 0, 36.60, 210
2026/08/30 00:58:44.130, 0, 22757, 1370, 0, 35.37, 210
2026/08/30 00:58:44.145, 1, 22733, 1394, 0, 42.98, 210
2026/08/30 00:58:44.159, 2, 22733, 1394, 0, 38.06, 210
2026/08/30 00:58:44.173, 3, 22733, 1394, 0, 36.56, 210
2026/08/30 00:58:45.366, 0, 22757, 1370, 0, 35.33, 210
2026/08/30 00:58:45.381, 1, 22733, 1394, 0, 43.10, 210
2026/08/30 00:58:45.397, 2, 22733, 1394, 0, 38.09, 210
2026/08/30 00:58:45.411, 3, 22733, 1394, 0, 36.56, 210
2026/08/30 00:58:46.616, 0, 22757, 1370, 0, 35.32, 210
2026/08/30 00:58:46.632, 1, 22733, 1394, 0, 43.17, 210
2026/08/30 00:58:46.646, 2, 22733, 1394, 0, 38.11, 210
2026/08/30 00:58:46.660, 3, 22733, 1394, 0, 36.59, 210
2026/08/30 00:58:47.855, 0, 22757, 1370, 0, 35.26, 210
2026/08/30 00:58:47.871, 1, 22733, 1394, 0, 43.17, 210
2026/08/30 00:58:47.886, 2, 22733, 1394, 0, 38.15, 210
2026/08/30 00:58:47.900, 3, 22733, 1394, 0, 36.61, 210
2026/08/30 00:58:49.121, 0, 22757, 1370, 0, 35.25, 210
2026/08/30 00:58:49.139, 1, 22733, 1394, 0, 43.09, 210
2026/08/30 00:58:49.157, 2, 22733, 1394, 0, 38.17, 210
2026/08/30 00:58:49.175, 3, 22733, 1394, 0, 36.62, 210
2026/08/30 00:58:50.422, 0, 22757, 1370, 100, 140.74, 1650
2026/08/30 00:58:50.436, 1, 22733, 1394, 100, 143.88, 1650
2026/08/30 00:58:50.449, 2, 22733, 1394, 100, 143.23, 1650
2026/08/30 00:58:50.463, 3, 22733, 1394, 100, 156.22, 1650
2026/08/30 00:58:51.667, 0, 22757, 1370, 97, 149.84, 1650
2026/08/30 00:58:51.681, 1, 22733, 1394, 100, 155.39, 1650
2026/08/30 00:58:51.695, 2, 22733, 1394, 100, 153.87, 1650
2026/08/30 00:58:51.708, 3, 22733, 1394, 100, 165.31, 1650
2026/08/30 00:58:52.911, 0, 22757, 1370, 96, 150.34, 1650
2026/08/30 00:58:52.927, 1, 22733, 1394, 77, 156.06, 1650
2026/08/30 00:58:52.940, 2, 22733, 1394, 73, 154.80, 1650
2026/08/30 00:58:52.955, 3, 22733, 1394, 100, 165.70, 1650
2026/08/30 00:58:54.154, 0, 22757, 1370, 73, 151.24, 1650
2026/08/30 00:58:54.168, 1, 22733, 1394, 90, 156.35, 1650
2026/08/30 00:58:54.183, 2, 22733, 1394, 66, 155.00, 1650
2026/08/30 00:58:54.196, 3, 22733, 1394, 58, 168.17, 1650
2026/08/30 00:58:55.396, 0, 22757, 1370, 80, 152.18, 1650
2026/08/30 00:58:55.409, 1, 22733, 1394, 98, 158.19, 1650
2026/08/30 00:58:55.422, 2, 22733, 1394, 100, 156.74, 1650
2026/08/30 00:58:55.434, 3, 22733, 1394, 74, 167.74, 1650
2026/08/30 00:58:56.628, 0, 22757, 1370, 100, 152.28, 1650
2026/08/30 00:58:56.643, 1, 22733, 1394, 100, 157.82, 1650
2026/08/30 00:58:56.656, 2, 22733, 1394, 100, 156.41, 1650
2026/08/30 00:58:56.671, 3, 22733, 1394, 100, 168.29, 1650
2026/08/30 00:58:57.861, 0, 22757, 1370, 100, 151.93, 1650
2026/08/30 00:58:57.875, 1, 22733, 1394, 100, 157.95, 1650
2026/08/30 00:58:57.888, 2, 22733, 1394, 100, 156.40, 1650
2026/08/30 00:58:57.901, 3, 22733, 1394, 100, 168.58, 1650
2026/08/30 00:58:59.091, 0, 22757, 1370, 100, 152.00, 1650
2026/08/30 00:58:59.108, 1, 22733, 1394, 100, 157.00, 1650
2026/08/30 00:58:59.123, 2, 22733, 1394, 100, 158.36, 1650
2026/08/30 00:58:59.139, 3, 22733, 1394, 100, 169.06, 1650
2026/08/30 00:59:00.343, 0, 22757, 1370, 100, 151.88, 1650
2026/08/30 00:59:00.359, 1, 22733, 1394, 100, 158.00, 1650
2026/08/30 00:59:00.376, 2, 22733, 1394, 100, 156.23, 1650
2026/08/30 00:59:00.394, 3, 22733, 1394, 100, 167.80, 1650
2026/08/30 00:59:01.609, 0, 22757, 1370, 100, 151.73, 1650
2026/08/30 00:59:01.626, 1, 22733, 1394, 100, 158.16, 1650
2026/08/30 00:59:01.643, 2, 22733, 1394, 100, 156.83, 1650
2026/08/30 00:59:01.659, 3, 22733, 1394, 100, 168.43, 1650
2026/08/30 00:59:02.894, 0, 22757, 1370, 100, 150.90, 1650
2026/08/30 00:59:02.924, 1, 22733, 1394, 100, 157.82, 1650
2026/08/30 00:59:02.957, 2, 22733, 1394, 100, 156.60, 1650
2026/08/30 00:59:02.992, 3, 22733, 1394, 100, 168.41, 1650
2026/08/30 00:59:04.204, 0, 22757, 1370, 100, 150.74, 1650
2026/08/30 00:59:04.218, 1, 22733, 1394, 100, 157.14, 1650
2026/08/30 00:59:04.231, 2, 22733, 1394, 100, 157.15, 1650
2026/08/30 00:59:04.246, 3, 22733, 1394, 100, 168.49, 1650
2026/08/30 00:59:05.445, 0, 22757, 1370, 79, 150.23, 1650
2026/08/30 00:59:05.464, 1, 22733, 1394, 62, 156.20, 1650
2026/08/30 00:59:05.482, 2, 22733, 1394, 100, 156.43, 1650
2026/08/30 00:59:05.498, 3, 22733, 1394, 100, 167.73, 1650
2026/08/30 00:59:06.730, 0, 22757, 1370, 70, 152.14, 1650
2026/08/30 00:59:06.745, 1, 22733, 1394, 71, 158.21, 1650
2026/08/30 00:59:06.758, 2, 22733, 1394, 71, 157.99, 1650
2026/08/30 00:59:06.772, 3, 22733, 1394, 100, 169.50, 1650
2026/08/30 00:59:07.971, 0, 22757, 1370, 100, 151.70, 1650
2026/08/30 00:59:07.986, 1, 22733, 1394, 75, 157.74, 1650
2026/08/30 00:59:07.998, 2, 22733, 1394, 75, 157.94, 1650
2026/08/30 00:59:08.012, 3, 22733, 1394, 100, 168.87, 1650
2026/08/30 00:59:09.226, 0, 22757, 1370, 100, 153.38, 1650
2026/08/30 00:59:09.242, 1, 22733, 1394, 100, 159.88, 1650
2026/08/30 00:59:09.253, 2, 22733, 1394, 100, 159.33, 1650
2026/08/30 00:59:09.262, 3, 22733, 1394, 100, 170.94, 1650
2026/08/30 00:59:10.467, 0, 22757, 1370, 100, 153.23, 1650
2026/08/30 00:59:10.481, 1, 22733, 1394, 100, 159.62, 1650
2026/08/30 00:59:10.495, 2, 22733, 1394, 100, 159.48, 1650
2026/08/30 00:59:10.509, 3, 22733, 1394, 100, 170.77, 1650
2026/08/30 00:59:11.701, 0, 22757, 1370, 100, 153.48, 1650
2026/08/30 00:59:11.715, 1, 22733, 1394, 100, 159.24, 1650
2026/08/30 00:59:11.730, 2, 22733, 1394, 100, 159.41, 1650
2026/08/30 00:59:11.744, 3, 22733, 1394, 100, 171.27, 1650
2026/08/30 00:59:12.935, 0, 22757, 1370, 100, 153.03, 1650
2026/08/30 00:59:12.954, 1, 22733, 1394, 100, 159.28, 1650
2026/08/30 00:59:12.971, 2, 22733, 1394, 100, 159.06, 1650
2026/08/30 00:59:12.988, 3, 22733, 1394, 100, 170.56, 1650
2026/08/30 00:59:14.189, 0, 22757, 1370, 100, 152.84, 1650
2026/08/30 00:59:14.201, 1, 22733, 1394, 100, 159.58, 1650
2026/08/30 00:59:14.214, 2, 22733, 1394, 100, 159.69, 1650
2026/08/30 00:59:14.229, 3, 22733, 1394, 100, 170.47, 1650
2026/08/30 00:59:15.436, 0, 22757, 1370, 100, 153.29, 1650
2026/08/30 00:59:15.451, 1, 22733, 1394, 100, 159.95, 1650
2026/08/30 00:59:15.464, 2, 22733, 1394, 100, 159.29, 1650
2026/08/30 00:59:15.479, 3, 22733, 1394, 100, 170.59, 1650
2026/08/30 00:59:16.689, 0, 22757, 1370, 100, 153.27, 1650
2026/08/30 00:59:16.702, 1, 22733, 1394, 100, 159.95, 1650
2026/08/30 00:59:16.717, 2, 22733, 1394, 100, 160.15, 1650
2026/08/30 00:59:16.730, 3, 22733, 1394, 100, 170.54, 1650
2026/08/30 00:59:17.939, 0, 22757, 1370, 80, 154.05, 1650
2026/08/30 00:59:17.953, 1, 22733, 1394, 97, 160.12, 1650
2026/08/30 00:59:17.968, 2, 22733, 1394, 75, 159.78, 1650
2026/08/30 00:59:17.980, 3, 22733, 1394, 75, 171.15, 1650
2026/08/30 00:59:19.191, 0, 22757, 1370, 100, 154.76, 1650
2026/08/30 00:59:19.203, 1, 22733, 1394, 100, 161.37, 1650
2026/08/30 00:59:19.212, 2, 22733, 1394, 100, 161.21, 1650
2026/08/30 00:59:19.221, 3, 22733, 1394, 100, 171.01, 1650
2026/08/30 00:59:20.418, 0, 22757, 1370, 100, 154.73, 1650
2026/08/30 00:59:20.435, 1, 22733, 1394, 100, 161.43, 1650
2026/08/30 00:59:20.448, 2, 22733, 1394, 100, 161.02, 1650
2026/08/30 00:59:20.459, 3, 22733, 1394, 100, 172.15, 1650
2026/08/30 00:59:21.648, 0, 22757, 1370, 100, 154.20, 1650
2026/08/30 00:59:21.664, 1, 22733, 1394, 100, 161.78, 1650
2026/08/30 00:59:21.680, 2, 22733, 1394, 100, 161.54, 1650
2026/08/30 00:59:21.697, 3, 22733, 1394, 100, 170.95, 1650
2026/08/30 00:59:22.916, 0, 22757, 1370, 100, 154.72, 1650
2026/08/30 00:59:22.933, 1, 22733, 1394, 100, 160.86, 1650
2026/08/30 00:59:22.948, 2, 22733, 1394, 100, 160.61, 1650
2026/08/30 00:59:22.965, 3, 22733, 1394, 100, 171.26, 1650
2026/08/30 00:59:24.166, 0, 22757, 1370, 100, 154.48, 1650
2026/08/30 00:59:24.181, 1, 22733, 1394, 100, 161.05, 1650
2026/08/30 00:59:24.194, 2, 22733, 1394, 100, 161.23, 1650
2026/08/30 00:59:24.205, 3, 22733, 1394, 100, 171.39, 1650
2026/08/30 00:59:25.399, 0, 22757, 1370, 100, 154.01, 1650
2026/08/30 00:59:25.410, 1, 22733, 1394, 99, 160.69, 1650
2026/08/30 00:59:25.423, 2, 22733, 1394, 95, 160.11, 1650
2026/08/30 00:59:25.438, 3, 22733, 1394, 100, 170.39, 1650
2026/08/30 00:59:26.647, 0, 22757, 1370, 100, 155.92, 1650
2026/08/30 00:59:26.660, 1, 22733, 1394, 60, 160.81, 1650
2026/08/30 00:59:26.674, 2, 22733, 1394, 59, 160.73, 1650
2026/08/30 00:59:26.688, 3, 22733, 1394, 62, 170.76, 1650
2026/08/30 00:59:27.881, 0, 22757, 1370, 100, 156.29, 1650
2026/08/30 00:59:27.896, 1, 22733, 1394, 100, 162.48, 1650
2026/08/30 00:59:27.910, 2, 22733, 1394, 100, 162.27, 1650
2026/08/30 00:59:27.922, 3, 22733, 1394, 100, 172.53, 1650
2026/08/30 00:59:29.130, 0, 22757, 1370, 100, 155.54, 1650
2026/08/30 00:59:29.144, 1, 22733, 1394, 100, 161.29, 1650
2026/08/30 00:59:29.157, 2, 22733, 1394, 100, 162.43, 1650
2026/08/30 00:59:29.170, 3, 22733, 1394, 100, 172.59, 1650
2026/08/30 00:59:30.373, 0, 22757, 1370, 100, 154.60, 1650
2026/08/30 00:59:30.389, 1, 22733, 1394, 100, 160.90, 1650
2026/08/30 00:59:30.403, 2, 22733, 1394, 100, 160.86, 1650
2026/08/30 00:59:30.419, 3, 22733, 1394, 100, 170.72, 1650
2026/08/30 00:59:31.625, 0, 22757, 1370, 100, 155.34, 1650
2026/08/30 00:59:31.642, 1, 22733, 1394, 100, 161.23, 1650
2026/08/30 00:59:31.664, 2, 22733, 1394, 100, 161.92, 1650
2026/08/30 00:59:31.690, 3, 22733, 1394, 100, 171.18, 1650
2026/08/30 00:59:32.907, 0, 22757, 1370, 100, 155.37, 1650
2026/08/30 00:59:32.923, 1, 22733, 1394, 100, 161.57, 1650
2026/08/30 00:59:32.936, 2, 22733, 1394, 99, 161.95, 1650
2026/08/30 00:59:32.948, 3, 22733, 1394, 100, 171.63, 1650
2026/08/30 00:59:34.206, 0, 22757, 1370, 75, 155.86, 1650
2026/08/30 00:59:34.223, 1, 22733, 1394, 74, 161.63, 1650
2026/08/30 00:59:34.237, 2, 22733, 1394, 74, 162.76, 1650
2026/08/30 00:59:34.252, 3, 22733, 1394, 100, 171.80, 1650
2026/08/30 00:59:35.458, 0, 22757, 1370, 100, 157.11, 1650
2026/08/30 00:59:35.467, 1, 22733, 1394, 90, 162.84, 1650
2026/08/30 00:59:35.477, 2, 22733, 1394, 93, 163.39, 1650
2026/08/30 00:59:35.490, 3, 22733, 1394, 100, 172.89, 1650
2026/08/30 00:59:36.694, 0, 22757, 1370, 100, 157.39, 1650
2026/08/30 00:59:36.708, 1, 22733, 1394, 100, 163.57, 1650
2026/08/30 00:59:36.720, 2, 22733, 1394, 100, 164.05, 1650
2026/08/30 00:59:36.733, 3, 22733, 1394, 100, 172.95, 1650
2026/08/30 00:59:37.910, 0, 22757, 1370, 100, 155.34, 1650
2026/08/30 00:59:37.927, 1, 22733, 1394, 100, 162.22, 1650
2026/08/30 00:59:37.944, 2, 22733, 1394, 100, 163.16, 1650
2026/08/30 00:59:37.960, 3, 22733, 1394, 100, 171.67, 1650
2026/08/30 00:59:39.159, 0, 22757, 1370, 100, 156.40, 1650
2026/08/30 00:59:39.177, 1, 22733, 1394, 100, 162.95, 1650
2026/08/30 00:59:39.193, 2, 22733, 1394, 100, 163.20, 1650
2026/08/30 00:59:39.208, 3, 22733, 1394, 100, 172.28, 1650
2026/08/30 00:59:40.430, 0, 22757, 1370, 79, 155.35, 1650
2026/08/30 00:59:40.442, 1, 22733, 1394, 62, 162.09, 1650
2026/08/30 00:59:40.457, 2, 22733, 1394, 100, 161.83, 1650
2026/08/30 00:59:40.470, 3, 22733, 1394, 100, 170.73, 1650
2026/08/30 00:59:41.665, 0, 22757, 1370, 100, 156.70, 1650
2026/08/30 00:59:41.675, 1, 22733, 1394, 100, 163.68, 1650
2026/08/30 00:59:41.685, 2, 22733, 1394, 100, 163.21, 1650
2026/08/30 00:59:41.700, 3, 22733, 1394, 100, 172.56, 1650
2026/08/30 00:59:42.908, 0, 22757, 1370, 100, 157.42, 1650
2026/08/30 00:59:42.924, 1, 22733, 1394, 100, 164.35, 1650
2026/08/30 00:59:42.941, 2, 22733, 1394, 100, 163.99, 1650
2026/08/30 00:59:42.958, 3, 22733, 1394, 100, 173.43, 1650
2026/08/30 00:59:44.169, 0, 22757, 1370, 100, 157.15, 1650
2026/08/30 00:59:44.184, 1, 22733, 1394, 100, 163.78, 1650
2026/08/30 00:59:44.197, 2, 22733, 1394, 100, 163.22, 1650
2026/08/30 00:59:44.211, 3, 22733, 1394, 100, 172.70, 1650
2026/08/30 00:59:45.402, 0, 22757, 1370, 100, 156.83, 1650
2026/08/30 00:59:45.416, 1, 22733, 1394, 100, 162.80, 1650
2026/08/30 00:59:45.428, 2, 22733, 1394, 100, 163.00, 1650
2026/08/30 00:59:45.441, 3, 22733, 1394, 100, 171.80, 1650
2026/08/30 00:59:46.646, 0, 22757, 1370, 64, 156.57, 1650
2026/08/30 00:59:46.661, 1, 22733, 1394, 80, 162.54, 1650
2026/08/30 00:59:46.673, 2, 22733, 1394, 77, 162.34, 1650
2026/08/30 00:59:46.688, 3, 22733, 1394, 61, 171.88, 1650
2026/08/30 00:59:47.902, 0, 22757, 1370, 100, 158.63, 1650
2026/08/30 00:59:47.918, 1, 22733, 1394, 100, 164.54, 1650
2026/08/30 00:59:47.936, 2, 22733, 1394, 100, 164.73, 1650
2026/08/30 00:59:47.952, 3, 22733, 1394, 100, 173.53, 1650
2026/08/30 00:59:49.141, 0, 22757, 1370, 100, 157.55, 1650
2026/08/30 00:59:49.158, 1, 22733, 1394, 100, 164.50, 1650
2026/08/30 00:59:49.173, 2, 22733, 1394, 100, 164.55, 1650
2026/08/30 00:59:49.188, 3, 22733, 1394, 100, 173.79, 1650
2026/08/30 00:59:50.416, 0, 22757, 1370, 100, 156.58, 1650
2026/08/30 00:59:50.432, 1, 22733, 1394, 100, 162.51, 1650
2026/08/30 00:59:50.450, 2, 22733, 1394, 100, 162.81, 1650
2026/08/30 00:59:50.467, 3, 22733, 1394, 100, 171.42, 1650
2026/08/30 00:59:51.667, 0, 22757, 1370, 62, 156.49, 1650
2026/08/30 00:59:51.682, 1, 22733, 1394, 100, 162.80, 1650
2026/08/30 00:59:51.696, 2, 22733, 1394, 100, 162.52, 1650
2026/08/30 00:59:51.708, 3, 22733, 1394, 88, 171.43, 1650
2026/08/30 00:59:52.921, 0, 22757, 1370, 100, 159.25, 1650
2026/08/30 00:59:52.933, 1, 22733, 1394, 100, 165.56, 1650
2026/08/30 00:59:52.947, 2, 22733, 1394, 59, 162.17, 1650
2026/08/30 00:59:52.964, 3, 22733, 1394, 83, 173.42, 1650
2026/08/30 00:59:54.159, 0, 22757, 1370, 100, 158.68, 1650
2026/08/30 00:59:54.176, 1, 22733, 1394, 100, 164.92, 1650
2026/08/30 00:59:54.192, 2, 22733, 1394, 100, 163.68, 1650
2026/08/30 00:59:54.207, 3, 22733, 1394, 100, 173.93, 1650
2026/08/30 00:59:55.390, 0, 22757, 1370, 100, 157.39, 1650
2026/08/30 00:59:55.406, 1, 22733, 1394, 100, 163.63, 1650
2026/08/30 00:59:55.419, 2, 22733, 1394, 100, 162.38, 1650
2026/08/30 00:59:55.431, 3, 22733, 1394, 100, 172.52, 1650
2026/08/30 00:59:56.637, 0, 22757, 1370, 100, 158.31, 1650
2026/08/30 00:59:56.651, 1, 22733, 1394, 100, 163.86, 1650
2026/08/30 00:59:56.665, 2, 22733, 1394, 100, 162.56, 1650
2026/08/30 00:59:56.679, 3, 22733, 1394, 100, 172.83, 1650
2026/08/30 00:59:57.892, 0, 22757, 1370, 65, 158.86, 1650
2026/08/30 00:59:57.906, 1, 22733, 1394, 82, 165.69, 1650
2026/08/30 00:59:57.917, 2, 22733, 1394, 85, 164.15, 1650
2026/08/30 00:59:57.931, 3, 22733, 1394, 59, 173.24, 1650
2026/08/30 00:59:59.142, 0, 22757, 1370, 100, 160.32, 1650
2026/08/30 00:59:59.156, 1, 22733, 1394, 100, 166.49, 1650
2026/08/30 00:59:59.167, 2, 22733, 1394, 100, 164.84, 1650
2026/08/30 00:59:59.180, 3, 22733, 1394, 100, 175.31, 1650
2026/08/30 01:00:00.361, 0, 22757, 1370, 100, 159.62, 1650
2026/08/30 01:00:00.376, 1, 22733, 1394, 100, 165.19, 1650
2026/08/30 01:00:00.390, 2, 22733, 1394, 100, 163.42, 1650
2026/08/30 01:00:00.402, 3, 22733, 1394, 100, 175.58, 1650
2026/08/30 01:00:01.610, 0, 22757, 1370, 100, 157.88, 1650
2026/08/30 01:00:01.624, 1, 22733, 1394, 100, 164.15, 1650
2026/08/30 01:00:01.637, 2, 22733, 1394, 100, 162.85, 1650
2026/08/30 01:00:01.650, 3, 22733, 1394, 100, 172.66, 1650
2026/08/30 01:00:02.861, 0, 22757, 1370, 100, 158.08, 1650
2026/08/30 01:00:02.877, 1, 22733, 1394, 35, 164.00, 1650
2026/08/30 01:00:02.890, 2, 22733, 1394, 39, 162.72, 1650
2026/08/30 01:00:02.907, 3, 22733, 1394, 57, 172.15, 1650
2026/08/30 01:00:04.097, 0, 22757, 1370, 100, 160.56, 1650
2026/08/30 01:00:04.111, 1, 22733, 1394, 100, 166.98, 1650
2026/08/30 01:00:04.126, 2, 22733, 1394, 100, 165.43, 1650
2026/08/30 01:00:04.140, 3, 22733, 1394, 100, 175.32, 1650
2026/08/30 01:00:05.348, 0, 22757, 1370, 100, 158.90, 1650
2026/08/30 01:00:05.379, 1, 22733, 1394, 100, 166.05, 1650
2026/08/30 01:00:05.409, 2, 22733, 1394, 100, 164.32, 1650
2026/08/30 01:00:05.442, 3, 22733, 1394, 100, 174.60, 1650
2026/08/30 01:00:06.678, 0, 22757, 1370, 100, 159.66, 1650
2026/08/30 01:00:06.692, 1, 22733, 1394, 100, 165.31, 1650
2026/08/30 01:00:06.705, 2, 22733, 1394, 100, 163.91, 1650
2026/08/30 01:00:06.717, 3, 22733, 1394, 100, 173.31, 1650
2026/08/30 01:00:07.929, 0, 22757, 1370, 58, 159.87, 1650
2026/08/30 01:00:07.944, 1, 22733, 1394, 59, 165.24, 1650
2026/08/30 01:00:07.957, 2, 22733, 1394, 100, 164.23, 1650
2026/08/30 01:00:07.971, 3, 22733, 1394, 82, 173.51, 1650
2026/08/30 01:00:09.181, 0, 22757, 1370, 100, 161.49, 1650
2026/08/30 01:00:09.198, 1, 22733, 1394, 100, 167.80, 1650
2026/08/30 01:00:09.216, 2, 22733, 1394, 100, 166.40, 1650
2026/08/30 01:00:09.228, 3, 22733, 1394, 100, 175.49, 1650
2026/08/30 01:00:10.426, 0, 22757, 1370, 100, 161.20, 1650
2026/08/30 01:00:10.439, 1, 22733, 1394, 100, 167.79, 1650
2026/08/30 01:00:10.451, 2, 22733, 1394, 100, 166.65, 1650
2026/08/30 01:00:10.464, 3, 22733, 1394, 100, 175.52, 1650
2026/08/30 01:00:11.649, 0, 22757, 1370, 100, 159.21, 1650
2026/08/30 01:00:11.661, 1, 22733, 1394, 100, 165.26, 1650
2026/08/30 01:00:11.675, 2, 22733, 1394, 100, 164.10, 1650
2026/08/30 01:00:11.688, 3, 22733, 1394, 100, 173.14, 1650
2026/08/30 01:00:12.916, 0, 22757, 1370, 66, 159.92, 1650
2026/08/30 01:00:12.928, 1, 22733, 1394, 67, 166.36, 1650
2026/08/30 01:00:12.941, 2, 22733, 1394, 66, 164.57, 1650
2026/08/30 01:00:12.955, 3, 22733, 1394, 74, 173.68, 1650
2026/08/30 01:00:14.161, 0, 22757, 1370, 100, 161.96, 1650
2026/08/30 01:00:14.175, 1, 22733, 1394, 100, 167.90, 1650
2026/08/30 01:00:14.191, 2, 22733, 1394, 100, 166.38, 1650
2026/08/30 01:00:14.203, 3, 22733, 1394, 100, 175.48, 1650
2026/08/30 01:00:15.394, 0, 22757, 1370, 100, 161.68, 1650
2026/08/30 01:00:15.409, 1, 22733, 1394, 100, 166.72, 1650
2026/08/30 01:00:15.420, 2, 22733, 1394, 100, 165.32, 1650
2026/08/30 01:00:15.435, 3, 22733, 1394, 100, 175.48, 1650
2026/08/30 01:00:16.620, 0, 22757, 1370, 100, 159.76, 1650
2026/08/30 01:00:16.634, 1, 22733, 1394, 100, 166.31, 1650
2026/08/30 01:00:16.646, 2, 22733, 1394, 100, 164.66, 1650
2026/08/30 01:00:16.660, 3, 22733, 1394, 100, 173.47, 1650
2026/08/30 01:00:17.864, 0, 22757, 1370, 84, 160.59, 1650
2026/08/30 01:00:17.874, 1, 22733, 1394, 100, 167.90, 1650
2026/08/30 01:00:17.883, 2, 22733, 1394, 100, 166.63, 1650
2026/08/30 01:00:17.896, 3, 22733, 1394, 100, 173.28, 1650
2026/08/30 01:00:19.098, 0, 22757, 1370, 100, 161.87, 1650
2026/08/30 01:00:19.110, 1, 22733, 1394, 100, 168.11, 1650
2026/08/30 01:00:19.123, 2, 22733, 1394, 100, 166.30, 1650
2026/08/30 01:00:19.136, 3, 22733, 1394, 100, 175.75, 1650
2026/08/30 01:00:20.330, 0, 22757, 1370, 100, 159.41, 1650
2026/08/30 01:00:20.341, 1, 22733, 1394, 100, 166.21, 1650
2026/08/30 01:00:20.355, 2, 22733, 1394, 100, 164.76, 1650
2026/08/30 01:00:20.367, 3, 22733, 1394, 100, 173.67, 1650
2026/08/30 01:00:21.582, 0, 22757, 1370, 62, 159.71, 1650
2026/08/30 01:00:21.597, 1, 22733, 1394, 60, 166.31, 1650
2026/08/30 01:00:21.612, 2, 22733, 1394, 61, 164.85, 1650
2026/08/30 01:00:21.625, 3, 22733, 1394, 61, 173.88, 1650
2026/08/30 01:00:22.819, 0, 22757, 1370, 100, 161.58, 1650
2026/08/30 01:00:22.830, 1, 22733, 1394, 100, 167.89, 1650
2026/08/30 01:00:22.844, 2, 22733, 1394, 100, 166.99, 1650
2026/08/30 01:00:22.857, 3, 22733, 1394, 100, 175.17, 1650
2026/08/30 01:00:24.043, 0, 22757, 1370, 100, 160.80, 1650
2026/08/30 01:00:24.060, 1, 22733, 1394, 100, 166.65, 1650
2026/08/30 01:00:24.073, 2, 22733, 1394, 100, 165.43, 1650
2026/08/30 01:00:24.090, 3, 22733, 1394, 100, 175.34, 1650
2026/08/30 01:00:25.286, 0, 22757, 1370, 58, 160.87, 1650
2026/08/30 01:00:25.301, 1, 22733, 1394, 59, 166.51, 1650
2026/08/30 01:00:25.312, 2, 22733, 1394, 59, 165.01, 1650
2026/08/30 01:00:25.327, 3, 22733, 1394, 90, 173.47, 1650
2026/08/30 01:00:26.517, 0, 22757, 1370, 100, 162.75, 1650
2026/08/30 01:00:26.531, 1, 22733, 1394, 100, 168.79, 1650
2026/08/30 01:00:26.546, 2, 22733, 1394, 100, 167.41, 1650
2026/08/30 01:00:26.556, 3, 22733, 1394, 100, 176.55, 1650
2026/08/30 01:00:27.733, 0, 22757, 1370, 100, 160.53, 1650
2026/08/30 01:00:27.750, 1, 22733, 1394, 100, 167.81, 1650
2026/08/30 01:00:27.768, 2, 22733, 1394, 100, 166.45, 1650
2026/08/30 01:00:27.784, 3, 22733, 1394, 100, 176.68, 1650
2026/08/30 01:00:28.981, 0, 22757, 1370, 86, 160.46, 1650
2026/08/30 01:00:28.996, 1, 22733, 1394, 69, 167.42, 1650
2026/08/30 01:00:29.011, 2, 22733, 1394, 66, 166.04, 1650
2026/08/30 01:00:29.023, 3, 22733, 1394, 100, 173.96, 1650
2026/08/30 01:00:30.230, 0, 22757, 1370, 100, 162.06, 1650
2026/08/30 01:00:30.244, 1, 22733, 1394, 100, 168.95, 1650
2026/08/30 01:00:30.257, 2, 22733, 1394, 100, 167.93, 1650
2026/08/30 01:00:30.272, 3, 22733, 1394, 100, 175.76, 1650
2026/08/30 01:00:31.465, 0, 22757, 1370, 100, 161.97, 1650
2026/08/30 01:00:31.479, 1, 22733, 1394, 100, 168.54, 1650
2026/08/30 01:00:31.492, 2, 22733, 1394, 100, 167.45, 1650
2026/08/30 01:00:31.505, 3, 22733, 1394, 100, 176.28, 1650
2026/08/30 01:00:32.703, 0, 22757, 1370, 100, 160.76, 1650
2026/08/30 01:00:32.713, 1, 22733, 1394, 81, 166.66, 1650
2026/08/30 01:00:32.727, 2, 22733, 1394, 78, 166.04, 1650
2026/08/30 01:00:32.742, 3, 22733, 1394, 100, 174.06, 1650
2026/08/30 01:00:33.944, 0, 22757, 1370, 100, 162.95, 1650
2026/08/30 01:00:33.959, 1, 22733, 1394, 100, 168.75, 1650
2026/08/30 01:00:33.970, 2, 22733, 1394, 100, 167.91, 1650
2026/08/30 01:00:33.983, 3, 22733, 1394, 100, 176.16, 1650
2026/08/30 01:00:35.170, 0, 22757, 1370, 100, 162.63, 1650
2026/08/30 01:00:35.186, 1, 22733, 1394, 100, 168.44, 1650
2026/08/30 01:00:35.199, 2, 22733, 1394, 100, 167.99, 1650
2026/08/30 01:00:35.213, 3, 22733, 1394, 100, 176.12, 1650
2026/08/30 01:00:36.408, 0, 22757, 1370, 99, 161.62, 1650
2026/08/30 01:00:36.420, 1, 22733, 1394, 83, 169.77, 1650
2026/08/30 01:00:36.435, 2, 22733, 1394, 100, 166.30, 1650
2026/08/30 01:00:36.449, 3, 22733, 1394, 100, 174.17, 1650
2026/08/30 01:00:37.654, 0, 22757, 1370, 100, 163.46, 1650
2026/08/30 01:00:37.668, 1, 22733, 1394, 100, 168.84, 1650
2026/08/30 01:00:37.680, 2, 22733, 1394, 100, 168.31, 1650
2026/08/30 01:00:37.694, 3, 22733, 1394, 100, 176.26, 1650
2026/08/30 01:00:38.888, 0, 22757, 1370, 100, 164.04, 1650
2026/08/30 01:00:38.908, 1, 22733, 1394, 100, 169.65, 1650
2026/08/30 01:00:38.927, 2, 22733, 1394, 100, 169.46, 1650
2026/08/30 01:00:38.949, 3, 22733, 1394, 100, 176.88, 1650
2026/08/30 01:00:40.176, 0, 22757, 1370, 100, 161.65, 1650
2026/08/30 01:00:40.191, 1, 22733, 1394, 100, 167.40, 1650
2026/08/30 01:00:40.205, 2, 22733, 1394, 100, 166.61, 1650
2026/08/30 01:00:40.218, 3, 22733, 1394, 100, 174.41, 1650
2026/08/30 01:00:41.457, 0, 22757, 1370, 58, 162.07, 1650
2026/08/30 01:00:41.472, 1, 22733, 1394, 65, 168.42, 1650
2026/08/30 01:00:41.485, 2, 22733, 1394, 68, 167.50, 1650
2026/08/30 01:00:41.499, 3, 22733, 1394, 58, 175.18, 1650
2026/08/30 01:00:42.690, 0, 22757, 1370, 100, 164.13, 1650
2026/08/30 01:00:42.704, 1, 22733, 1394, 100, 170.51, 1650
2026/08/30 01:00:42.717, 2, 22733, 1394, 100, 169.39, 1650
2026/08/30 01:00:42.729, 3, 22733, 1394, 100, 177.33, 1650
2026/08/30 01:00:43.949, 0, 22757, 1370, 21, 153.25, 1650
2026/08/30 01:00:43.962, 1, 22733, 1394, 72, 159.70, 1650
2026/08/30 01:00:43.976, 2, 22733, 1394, 71, 157.81, 1650
2026/08/30 01:00:43.989, 3, 22733, 1394, 48, 165.27, 1650
2026/08/30 01:00:45.192, 0, 22757, 1370, 100, 164.34, 1650
2026/08/30 01:00:45.207, 1, 22733, 1394, 100, 169.91, 1650
2026/08/30 01:00:45.221, 2, 22733, 1394, 100, 168.95, 1650
2026/08/30 01:00:45.232, 3, 22733, 1394, 100, 176.85, 1650
2026/08/30 01:00:46.437, 0, 22757, 1370, 100, 162.72, 1650
2026/08/30 01:00:46.452, 1, 22733, 1394, 100, 169.25, 1650
2026/08/30 01:00:46.467, 2, 22733, 1394, 100, 168.80, 1650
2026/08/30 01:00:46.478, 3, 22733, 1394, 100, 175.35, 1650
2026/08/30 01:00:47.685, 0, 22757, 1370, 67, 162.53, 1650
2026/08/30 01:00:47.701, 1, 22733, 1394, 62, 168.77, 1650
2026/08/30 01:00:47.718, 2, 22733, 1394, 61, 167.23, 1650
2026/08/30 01:00:47.735, 3, 22733, 1394, 100, 175.51, 1650
2026/08/30 01:00:48.947, 0, 22757, 1370, 100, 165.01, 1650
2026/08/30 01:00:48.961, 1, 22733, 1394, 100, 170.04, 1650
2026/08/30 01:00:48.977, 2, 22733, 1394, 100, 169.58, 1650
2026/08/30 01:00:48.994, 3, 22733, 1394, 100, 177.36, 1650
2026/08/30 01:00:50.206, 0, 22757, 1370, 100, 162.98, 1650
2026/08/30 01:00:50.218, 1, 22733, 1394, 100, 168.02, 1650
2026/08/30 01:00:50.230, 2, 22733, 1394, 100, 169.36, 1650
2026/08/30 01:00:50.244, 3, 22733, 1394, 100, 176.94, 1650
2026/08/30 01:00:51.452, 0, 22757, 1370, 100, 163.05, 1650
2026/08/30 01:00:51.467, 1, 22733, 1394, 100, 168.88, 1650
2026/08/30 01:00:51.478, 2, 22733, 1394, 100, 168.59, 1650
2026/08/30 01:00:51.491, 3, 22733, 1394, 71, 176.12, 1650
2026/08/30 01:00:52.700, 0, 22757, 1370, 100, 165.28, 1650
2026/08/30 01:00:52.718, 1, 22733, 1394, 100, 170.27, 1650
2026/08/30 01:00:52.735, 2, 22733, 1394, 100, 170.03, 1650
2026/08/30 01:00:52.751, 3, 22733, 1394, 100, 177.80, 1650
2026/08/30 01:00:53.957, 0, 22757, 1370, 100, 165.41, 1650
2026/08/30 01:00:53.971, 1, 22733, 1394, 100, 170.39, 1650
2026/08/30 01:00:53.986, 2, 22733, 1394, 100, 170.46, 1650
2026/08/30 01:00:54.000, 3, 22733, 1394, 100, 177.99, 1650
2026/08/30 01:00:55.201, 0, 22757, 1370, 91, 163.21, 1650
2026/08/30 01:00:55.214, 1, 22733, 1394, 75, 168.69, 1650
2026/08/30 01:00:55.228, 2, 22733, 1394, 72, 168.50, 1650
2026/08/30 01:00:55.241, 3, 22733, 1394, 100, 175.81, 1650
2026/08/30 01:00:56.453, 0, 22757, 1370, 100, 165.12, 1650
2026/08/30 01:00:56.469, 1, 22733, 1394, 100, 169.93, 1650
2026/08/30 01:00:56.486, 2, 22733, 1394, 100, 169.68, 1650
2026/08/30 01:00:56.500, 3, 22733, 1394, 100, 177.02, 1650
2026/08/30 01:00:57.702, 0, 22757, 1370, 100, 164.87, 1650
2026/08/30 01:00:57.719, 1, 22733, 1394, 100, 170.00, 1650
2026/08/30 01:00:57.737, 2, 22733, 1394, 100, 170.00, 1650
2026/08/30 01:00:57.754, 3, 22733, 1394, 100, 177.33, 1650
2026/08/30 01:00:58.956, 0, 22757, 1370, 100, 162.96, 1650
2026/08/30 01:00:58.970, 1, 22733, 1394, 100, 168.25, 1650
2026/08/30 01:00:58.981, 2, 22733, 1394, 100, 167.81, 1650
2026/08/30 01:00:58.995, 3, 22733, 1394, 100, 175.56, 1650
2026/08/30 01:01:00.205, 0, 22757, 1370, 100, 166.00, 1650
2026/08/30 01:01:00.222, 1, 22733, 1394, 100, 170.74, 1650
2026/08/30 01:01:00.240, 2, 22733, 1394, 100, 170.93, 1650
2026/08/30 01:01:00.254, 3, 22733, 1394, 100, 178.78, 1650
2026/08/30 01:01:01.445, 0, 22757, 1370, 100, 165.97, 1650
2026/08/30 01:01:01.460, 1, 22733, 1394, 100, 170.88, 1650
2026/08/30 01:01:01.477, 2, 22733, 1394, 100, 170.95, 1650
2026/08/30 01:01:01.494, 3, 22733, 1394, 100, 178.43, 1650
2026/08/30 01:01:02.692, 0, 22757, 1370, 66, 165.80, 1650
2026/08/30 01:01:02.708, 1, 22733, 1394, 60, 168.39, 1650
2026/08/30 01:01:02.721, 2, 22733, 1394, 60, 168.39, 1650
2026/08/30 01:01:02.735, 3, 22733, 1394, 100, 175.58, 1650
2026/08/30 01:01:03.941, 0, 22757, 1370, 100, 166.46, 1650
2026/08/30 01:01:03.958, 1, 22733, 1394, 100, 170.69, 1650
2026/08/30 01:01:03.972, 2, 22733, 1394, 100, 170.85, 1650
2026/08/30 01:01:03.989, 3, 22733, 1394, 100, 178.50, 1650
2026/08/30 01:01:05.192, 0, 22757, 1370, 100, 164.09, 1650
2026/08/30 01:01:05.210, 1, 22733, 1394, 100, 168.46, 1650
2026/08/30 01:01:05.227, 2, 22733, 1394, 100, 170.07, 1650
2026/08/30 01:01:05.241, 3, 22733, 1394, 100, 178.14, 1650
2026/08/30 01:01:06.430, 0, 22757, 1370, 67, 166.05, 1650
2026/08/30 01:01:06.448, 1, 22733, 1394, 74, 169.02, 1650
2026/08/30 01:01:06.461, 2, 22733, 1394, 70, 169.11, 1650
2026/08/30 01:01:06.478, 3, 22733, 1394, 57, 176.32, 1650
2026/08/30 01:01:07.696, 0, 22757, 1370, 100, 167.59, 1650
2026/08/30 01:01:07.713, 1, 22733, 1394, 100, 171.34, 1650
2026/08/30 01:01:07.730, 2, 22733, 1394, 100, 171.54, 1650
2026/08/30 01:01:07.744, 3, 22733, 1394, 100, 179.08, 1650
2026/08/30 01:01:08.938, 0, 22757, 1370, 100, 166.47, 1650
2026/08/30 01:01:08.952, 1, 22733, 1394, 100, 169.49, 1650
2026/08/30 01:01:08.967, 2, 22733, 1394, 100, 169.69, 1650
2026/08/30 01:01:08.983, 3, 22733, 1394, 100, 178.56, 1650
2026/08/30 01:01:10.214, 0, 22757, 1370, 64, 165.09, 1650
2026/08/30 01:01:10.228, 1, 22733, 1394, 64, 168.60, 1650
2026/08/30 01:01:10.240, 2, 22733, 1394, 95, 169.12, 1650
2026/08/30 01:01:10.256, 3, 22733, 1394, 62, 176.75, 1650
2026/08/30 01:01:11.464, 0, 22757, 1370, 100, 166.62, 1650
2026/08/30 01:01:11.481, 1, 22733, 1394, 100, 170.77, 1650
2026/08/30 01:01:11.498, 2, 22733, 1394, 100, 171.43, 1650
2026/08/30 01:01:11.516, 3, 22733, 1394, 100, 178.66, 1650
2026/08/30 01:01:12.706, 0, 22757, 1370, 100, 164.60, 1650
2026/08/30 01:01:12.730, 1, 22733, 1394, 100, 169.44, 1650
2026/08/30 01:01:12.746, 2, 22733, 1394, 100, 169.76, 1650
2026/08/30 01:01:12.773, 3, 22733, 1394, 100, 178.13, 1650
2026/08/30 01:01:14.001, 0, 22757, 1370, 62, 164.74, 1650
2026/08/30 01:01:14.016, 1, 22733, 1394, 74, 168.54, 1650
2026/08/30 01:01:14.032, 2, 22733, 1394, 83, 168.90, 1650
2026/08/30 01:01:14.042, 3, 22733, 1394, 60, 176.43, 1650
2026/08/30 01:01:15.307, 0, 22757, 1370, 100, 167.26, 1650
2026/08/30 01:01:15.325, 1, 22733, 1394, 100, 170.43, 1650
2026/08/30 01:01:15.341, 2, 22733, 1394, 100, 170.85, 1650
2026/08/30 01:01:15.358, 3, 22733, 1394, 100, 178.85, 1650
2026/08/30 01:01:16.552, 0, 22757, 1370, 100, 165.43, 1650
2026/08/30 01:01:16.568, 1, 22733, 1394, 100, 168.44, 1650
2026/08/30 01:01:16.582, 2, 22733, 1394, 100, 169.22, 1650
2026/08/30 01:01:16.597, 3, 22733, 1394, 100, 178.74, 1650
2026/08/30 01:01:17.793, 0, 22757, 1370, 91, 166.42, 1650
2026/08/30 01:01:17.808, 1, 22733, 1394, 100, 170.61, 1650
2026/08/30 01:01:17.818, 2, 22733, 1394, 100, 169.74, 1650
2026/08/30 01:01:17.832, 3, 22733, 1394, 60, 176.91, 1650
2026/08/30 01:01:19.041, 0, 22757, 1370, 100, 166.31, 1650
2026/08/30 01:01:19.057, 1, 22733, 1394, 100, 170.99, 1650
2026/08/30 01:01:19.072, 2, 22733, 1394, 100, 172.09, 1650
2026/08/30 01:01:19.087, 3, 22733, 1394, 100, 179.11, 1650
2026/08/30 01:01:20.295, 0, 22757, 1370, 100, 164.71, 1650
2026/08/30 01:01:20.309, 1, 22733, 1394, 100, 168.36, 1650
2026/08/30 01:01:20.321, 2, 22733, 1394, 100, 169.99, 1650
2026/08/30 01:01:20.336, 3, 22733, 1394, 100, 176.15, 1650
2026/08/30 01:01:21.528, 0, 22757, 1370, 100, 166.60, 1650
2026/08/30 01:01:21.544, 1, 22733, 1394, 100, 170.60, 1650
2026/08/30 01:01:21.560, 2, 22733, 1394, 100, 171.31, 1650
2026/08/30 01:01:21.576, 3, 22733, 1394, 100, 178.12, 1650
2026/08/30 01:01:22.760, 0, 22757, 1370, 100, 166.91, 1650
2026/08/30 01:01:22.774, 1, 22733, 1394, 100, 170.29, 1650
2026/08/30 01:01:22.785, 2, 22733, 1394, 100, 171.57, 1650
2026/08/30 01:01:22.797, 3, 22733, 1394, 100, 178.92, 1650
2026/08/30 01:01:23.993, 0, 22757, 1370, 61, 164.75, 1650
2026/08/30 01:01:24.008, 1, 22733, 1394, 66, 169.10, 1650
2026/08/30 01:01:24.022, 2, 22733, 1394, 89, 169.06, 1650
2026/08/30 01:01:24.033, 3, 22733, 1394, 59, 177.25, 1650
2026/08/30 01:01:25.242, 0, 22757, 1370, 100, 167.08, 1650
2026/08/30 01:01:25.257, 1, 22733, 1394, 100, 171.72, 1650
2026/08/30 01:01:25.269, 2, 22733, 1394, 100, 172.63, 1650
2026/08/30 01:01:25.280, 3, 22733, 1394, 100, 180.35, 1650
2026/08/30 01:01:26.493, 0, 22757, 1370, 100, 163.83, 1650
2026/08/30 01:01:26.507, 1, 22733, 1394, 100, 169.28, 1650
2026/08/30 01:01:26.523, 2, 22733, 1394, 100, 170.56, 1650
2026/08/30 01:01:26.538, 3, 22733, 1394, 100, 177.76, 1650
2026/08/30 01:01:27.743, 0, 22757, 1370, 82, 166.12, 1650
2026/08/30 01:01:27.752, 1, 22733, 1394, 100, 171.59, 1650
2026/08/30 01:01:27.761, 2, 22733, 1394, 100, 172.92, 1650
2026/08/30 01:01:27.770, 3, 22733, 1394, 100, 179.57, 1650
2026/08/30 01:01:28.962, 0, 22757, 1370, 100, 167.35, 1650
2026/08/30 01:01:28.976, 1, 22733, 1394, 100, 170.81, 1650
2026/08/30 01:01:28.988, 2, 22733, 1394, 100, 171.91, 1650
2026/08/30 01:01:29.000, 3, 22733, 1394, 100, 179.59, 1650
2026/08/30 01:01:30.201, 0, 22757, 1370, 55, 164.64, 1650
2026/08/30 01:01:30.220, 1, 22733, 1394, 100, 167.85, 1650
2026/08/30 01:01:30.237, 2, 22733, 1394, 100, 169.34, 1650
2026/08/30 01:01:30.250, 3, 22733, 1394, 97, 176.72, 1650
2026/08/30 01:01:31.457, 0, 22757, 1370, 100, 166.55, 1650
2026/08/30 01:01:31.472, 1, 22733, 1394, 100, 170.47, 1650
2026/08/30 01:01:31.484, 2, 22733, 1394, 100, 172.04, 1650
2026/08/30 01:01:31.498, 3, 22733, 1394, 100, 178.96, 1650
2026/08/30 01:01:32.708, 0, 22757, 1370, 100, 165.51, 1650
2026/08/30 01:01:32.728, 1, 22733, 1394, 100, 170.67, 1650
2026/08/30 01:01:32.742, 2, 22733, 1394, 100, 172.07, 1650
2026/08/30 01:01:32.758, 3, 22733, 1394, 100, 177.87, 1650
2026/08/30 01:01:33.970, 0, 22757, 1370, 100, 165.09, 1650
2026/08/30 01:01:33.982, 1, 22733, 1394, 100, 168.21, 1650
2026/08/30 01:01:33.995, 2, 22733, 1394, 100, 169.99, 1650
2026/08/30 01:01:34.011, 3, 22733, 1394, 81, 175.85, 1650
2026/08/30 01:01:35.205, 0, 22757, 1370, 100, 166.62, 1650
2026/08/30 01:01:35.220, 1, 22733, 1394, 100, 170.27, 1650
2026/08/30 01:01:35.230, 2, 22733, 1394, 100, 172.58, 1650
2026/08/30 01:01:35.243, 3, 22733, 1394, 100, 180.19, 1650
2026/08/30 01:01:36.428, 0, 22757, 1370, 62, 165.15, 1650
2026/08/30 01:01:36.446, 1, 22733, 1394, 100, 169.78, 1650
2026/08/30 01:01:36.462, 2, 22733, 1394, 100, 171.69, 1650
2026/08/30 01:01:36.475, 3, 22733, 1394, 74, 178.72, 1650
2026/08/30 01:01:37.686, 0, 22757, 1370, 100, 166.97, 1650
2026/08/30 01:01:37.702, 1, 22733, 1394, 100, 172.16, 1650
2026/08/30 01:01:37.714, 2, 22733, 1394, 100, 173.77, 1650
2026/08/30 01:01:37.725, 3, 22733, 1394, 100, 181.21, 1650
2026/08/30 01:01:38.920, 0, 22757, 1370, 100, 161.34, 1650
2026/08/30 01:01:38.939, 1, 22733, 1394, 100, 167.02, 1650
2026/08/30 01:01:38.956, 2, 22733, 1394, 100, 168.57, 1650
2026/08/30 01:01:38.969, 3, 22733, 1394, 100, 178.53, 1650
2026/08/30 01:01:40.188, 0, 22757, 1370, 100, 167.17, 1650
2026/08/30 01:01:40.198, 1, 22733, 1394, 100, 172.20, 1650
2026/08/30 01:01:40.207, 2, 22733, 1394, 100, 174.29, 1650
2026/08/30 01:01:40.216, 3, 22733, 1394, 100, 181.20, 1650
2026/08/30 01:01:41.389, 0, 22757, 1370, 100, 166.70, 1650
2026/08/30 01:01:41.403, 1, 22733, 1394, 100, 170.20, 1650
2026/08/30 01:01:41.418, 2, 22733, 1394, 100, 173.43, 1650
2026/08/30 01:01:41.428, 3, 22733, 1394, 100, 181.25, 1650
2026/08/30 01:01:42.631, 0, 22757, 1370, 100, 158.91, 1650
2026/08/30 01:01:42.650, 1, 22733, 1394, 76, 162.41, 1650
2026/08/30 01:01:42.668, 2, 22733, 1394, 76, 164.29, 1650
2026/08/30 01:01:42.681, 3, 22733, 1394, 98, 170.18, 1650
2026/08/30 01:01:43.890, 0, 22757, 1370, 100, 167.62, 1650
2026/08/30 01:01:43.906, 1, 22733, 1394, 100, 170.88, 1650
2026/08/30 01:01:43.922, 2, 22733, 1394, 100, 173.34, 1650
2026/08/30 01:01:43.938, 3, 22733, 1394, 100, 179.83, 1650
2026/08/30 01:01:45.124, 0, 22757, 1370, 100, 165.76, 1650
2026/08/30 01:01:45.138, 1, 22733, 1394, 100, 169.27, 1650
2026/08/30 01:01:45.153, 2, 22733, 1394, 100, 171.65, 1650
2026/08/30 01:01:45.170, 3, 22733, 1394, 100, 178.30, 1650
2026/08/30 01:01:46.370, 0, 22757, 1370, 100, 168.02, 1650
2026/08/30 01:01:46.385, 1, 22733, 1394, 100, 171.16, 1650
2026/08/30 01:01:46.395, 2, 22733, 1394, 100, 173.84, 1650
2026/08/30 01:01:46.407, 3, 22733, 1394, 100, 180.69, 1650
2026/08/30 01:01:47.594, 0, 22757, 1370, 100, 166.24, 1650
2026/08/30 01:01:47.607, 1, 22733, 1394, 100, 169.96, 1650
2026/08/30 01:01:47.620, 2, 22733, 1394, 100, 174.08, 1650
2026/08/30 01:01:47.632, 3, 22733, 1394, 100, 181.12, 1650
2026/08/30 01:01:48.827, 0, 22757, 1370, 100, 166.33, 1650
2026/08/30 01:01:48.842, 1, 22733, 1394, 77, 169.85, 1650
2026/08/30 01:01:48.859, 2, 22733, 1394, 76, 172.04, 1650
2026/08/30 01:01:48.876, 3, 22733, 1394, 89, 178.58, 1650
2026/08/30 01:01:50.081, 0, 22757, 1370, 100, 167.19, 1650
2026/08/30 01:01:50.095, 1, 22733, 1394, 100, 171.42, 1650
2026/08/30 01:01:50.105, 2, 22733, 1394, 100, 174.09, 1650
2026/08/30 01:01:50.120, 3, 22733, 1394, 100, 180.37, 1650
2026/08/30 01:01:51.307, 0, 22757, 1370, 100, 165.37, 1650
2026/08/30 01:01:51.322, 1, 22733, 1394, 100, 170.36, 1650
2026/08/30 01:01:51.337, 2, 22733, 1394, 100, 172.76, 1650
2026/08/30 01:01:51.351, 3, 22733, 1394, 100, 178.48, 1650
2026/08/30 01:01:52.548, 0, 22757, 1370, 100, 167.57, 1650
2026/08/30 01:01:52.562, 1, 22733, 1394, 100, 172.31, 1650
2026/08/30 01:01:52.573, 2, 22733, 1394, 100, 175.24, 1650
2026/08/30 01:01:52.586, 3, 22733, 1394, 100, 181.91, 1650
2026/08/30 01:01:53.772, 0, 22757, 1370, 100, 165.60, 1650
2026/08/30 01:01:53.789, 1, 22733, 1394, 100, 172.39, 1650
2026/08/30 01:01:53.804, 2, 22733, 1394, 100, 174.33, 1650
2026/08/30 01:01:53.818, 3, 22733, 1394, 100, 180.40, 1650
2026/08/30 01:01:55.026, 0, 22757, 1370, 100, 166.23, 1650
2026/08/30 01:01:55.035, 1, 22733, 1394, 86, 171.26, 1650
2026/08/30 01:01:55.046, 2, 22733, 1394, 89, 173.73, 1650
2026/08/30 01:01:55.057, 3, 22733, 1394, 100, 180.83, 1650
2026/08/30 01:01:56.259, 0, 22757, 1370, 78, 162.38, 1650
2026/08/30 01:01:56.269, 1, 22733, 1394, 74, 165.91, 1650
2026/08/30 01:01:56.279, 2, 22733, 1394, 75, 169.01, 1650
2026/08/30 01:01:56.291, 3, 22733, 1394, 71, 174.44, 1650
