timestamp,pid,name,vmswap_kib
2026-08-30T00:58:35Z,3862689,vllm,0
2026-08-30T00:58:35Z,3863565,python3,0
2026-08-30T00:58:35Z,3863566,VLLM::EngineCor,0
2026-08-30T00:58:35Z,3863741,VLLM::Worker_TP,0
2026-08-30T00:58:35Z,3863856,VLLM::Worker_TP,0
2026-08-30T00:58:35Z,3863993,VLLM::Worker_TP,0
2026-08-30T00:58:35Z,3864120,VLLM::Worker_TP,0
2026-08-30T00:58:35Z,3864560,python3,0
2026-08-30T00:58:35Z,3865797,torch_shm_manag,0
2026-08-30T00:58:35Z,3865800,torch_shm_manag,0
2026-08-30T00:58:35Z,3865854,torch_shm_manag,0
2026-08-30T00:58:35Z,3865938,torch_shm_manag,0
2026-08-30T00:58:36Z,3862689,vllm,0
2026-08-30T00:58:36Z,3863565,python3,0
2026-08-30T00:58:36Z,3863566,VLLM::EngineCor,0
2026-08-30T00:58:36Z,3863741,VLLM::Worker_TP,0
2026-08-30T00:58:36Z,3863856,VLLM::Worker_TP,0
2026-08-30T00:58:36Z,3863993,VLLM::Worker_TP,0
2026-08-30T00:58:36Z,3864120,VLLM::Worker_TP,0
2026-08-30T00:58:36Z,3864560,python3,0
2026-08-30T00:58:36Z,3865797,torch_shm_manag,0
2026-08-30T00:58:36Z,3865800,torch_shm_manag,0
2026-08-30T00:58:36Z,3865854,torch_shm_manag,0
2026-08-30T00:58:36Z,3865938,torch_shm_manag,0
2026-08-30T00:58:37Z,3862689,vllm,0
2026-08-30T00:58:37Z,3863565,python3,0
2026-08-30T00:58:37Z,3863566,VLLM::EngineCor,0
2026-08-30T00:58:37Z,3863741,VLLM::Worker_TP,0
2026-08-30T00:58:37Z,3863856,VLLM::Worker_TP,0
2026-08-30T00:58:37Z,3863993,VLLM::Worker_TP,0
2026-08-30T00:58:37Z,3864120,VLLM::Worker_TP,0
2026-08-30T00:58:37Z,3864560,python3,0
2026-08-30T00:58:37Z,3865797,torch_shm_manag,0
2026-08-30T00:58:37Z,3865800,torch_shm_manag,0
2026-08-30T00:58:37Z,3865854,torch_shm_manag,0
2026-08-30T00:58:37Z,3865938,torch_shm_manag,0
2026-08-30T00:58:39Z,3862689,vllm,0
2026-08-30T00:58:39Z,3863565,python3,0
2026-08-30T00:58:39Z,3863566,VLLM::EngineCor,0
2026-08-30T00:58:39Z,3863741,VLLM::Worker_TP,0
2026-08-30T00:58:39Z,3863856,VLLM::Worker_TP,0
2026-08-30T00:58:39Z,3863993,VLLM::Worker_TP,0
2026-08-30T00:58:39Z,3864120,VLLM::Worker_TP,0
2026-08-30T00:58:39Z,3864560,python3,0
2026-08-30T00:58:39Z,3865797,torch_shm_manag,0
2026-08-30T00:58:39Z,3865800,torch_shm_manag,0
2026-08-30T00:58:39Z,3865854,torch_shm_manag,0
2026-08-30T00:58:39Z,3865938,torch_shm_manag,0
2026-08-30T00:58:40Z,3862689,vllm,0
2026-08-30T00:58:40Z,3863565,python3,0
2026-08-30T00:58:40Z,3863566,VLLM::EngineCor,0
2026-08-30T00:58:40Z,3863741,VLLM::Worker_TP,0
2026-08-30T00:58:40Z,3863856,VLLM::Worker_TP,0
2026-08-30T00:58:40Z,3863993,VLLM::Worker_TP,0
2026-08-30T00:58:40Z,3864120,VLLM::Worker_TP,0
2026-08-30T00:58:40Z,3864560,python3,0
2026-08-30T00:58:40Z,3865797,torch_shm_manag,0
2026-08-30T00:58:40Z,3865800,torch_shm_manag,0
2026-08-30T00:58:40Z,3865854,torch_shm_manag,0
2026-08-30T00:58:40Z,3865938,torch_shm_manag,0
2026-08-30T00:58:41Z,3862689,vllm,0
2026-08-30T00:58:41Z,3863565,python3,0
2026-08-30T00:58:41Z,3863566,VLLM::EngineCor,0
2026-08-30T00:58:41Z,3863741,VLLM::Worker_TP,0
2026-08-30T00:58:41Z,3863856,VLLM::Worker_TP,0
2026-08-30T00:58:41Z,3863993,VLLM::Worker_TP,0
2026-08-30T00:58:41Z,3864120,VLLM::Worker_TP,0
2026-08-30T00:58:41Z,3864560,python3,0
2026-08-30T00:58:41Z,3865797,torch_shm_manag,0
2026-08-30T00:58:41Z,3865800,torch_shm_manag,0
2026-08-30T00:58:41Z,3865854,torch_shm_manag,0
2026-08-30T00:58:41Z,3865938,torch_shm_manag,0
2026-08-30T00:58:42Z,3862689,vllm,0
2026-08-30T00:58:42Z,3863565,python3,0
2026-08-30T00:58:42Z,3863566,VLLM::EngineCor,0
2026-08-30T00:58:42Z,3863741,VLLM::Worker_TP,0
2026-08-30T00:58:42Z,3863856,VLLM::Worker_TP,0
2026-08-30T00:58:42Z,3863993,VLLM::Worker_TP,0
2026-08-30T00:58:42Z,3864120,VLLM::Worker_TP,0
2026-08-30T00:58:42Z,3864560,python3,0
2026-08-30T00:58:42Z,3865797,torch_shm_manag,0
2026-08-30T00:58:42Z,3865800,torch_shm_manag,0
2026-08-30T00:58:42Z,3865854,torch_shm_manag,0
2026-08-30T00:58:42Z,3865938,torch_shm_manag,0
2026-08-30T00:58:44Z,3862689,vllm,0
2026-08-30T00:58:44Z,3863565,python3,0
2026-08-30T00:58:44Z,3863566,VLLM::EngineCor,0
2026-08-30T00:58:44Z,3863741,VLLM::Worker_TP,0
2026-08-30T00:58:44Z,3863856,VLLM::Worker_TP,0
2026-08-30T00:58:44Z,3863993,VLLM::Worker_TP,0
2026-08-30T00:58:44Z,3864120,VLLM::Worker_TP,0
2026-08-30T00:58:44Z,3864560,python3,0
2026-08-30T00:58:44Z,3865797,torch_shm_manag,0
2026-08-30T00:58:44Z,3865800,torch_shm_manag,0
2026-08-30T00:58:44Z,3865854,torch_shm_manag,0
2026-08-30T00:58:44Z,3865938,torch_shm_manag,0
2026-08-30T00:58:45Z,3862689,vllm,0
2026-08-30T00:58:45Z,3863565,python3,0
2026-08-30T00:58:45Z,3863566,VLLM::EngineCor,0
2026-08-30T00:58:45Z,3863741,VLLM::Worker_TP,0
2026-08-30T00:58:45Z,3863856,VLLM::Worker_TP,0
2026-08-30T00:58:45Z,3863993,VLLM::Worker_TP,0
2026-08-30T00:58:45Z,3864120,VLLM::Worker_TP,0
2026-08-30T00:58:45Z,3864560,python3,0
2026-08-30T00:58:45Z,3865797,torch_shm_manag,0
2026-08-30T00:58:45Z,3865800,torch_shm_manag,0
2026-08-30T00:58:45Z,3865854,torch_shm_manag,0
2026-08-30T00:58:45Z,3865938,torch_shm_manag,0
2026-08-30T00:58:46Z,3862689,vllm,0
2026-08-30T00:58:46Z,3863565,python3,0
2026-08-30T00:58:46Z,3863566,VLLM::EngineCor,0
2026-08-30T00:58:46Z,3863741,VLLM::Worker_TP,0
2026-08-30T00:58:46Z,3863856,VLLM::Worker_TP,0
2026-08-30T00:58:46Z,3863993,VLLM::Worker_TP,0
2026-08-30T00:58:46Z,3864120,VLLM::Worker_TP,0
2026-08-30T00:58:46Z,3864560,python3,0
2026-08-30T00:58:46Z,3865797,torch_shm_manag,0
2026-08-30T00:58:46Z,3865800,torch_shm_manag,0
2026-08-30T00:58:46Z,3865854,torch_shm_manag,0
2026-08-30T00:58:46Z,3865938,torch_shm_manag,0
2026-08-30T00:58:47Z,3862689,vllm,0
2026-08-30T00:58:47Z,3863565,python3,0
2026-08-30T00:58:47Z,3863566,VLLM::EngineCor,0
2026-08-30T00:58:47Z,3863741,VLLM::Worker_TP,0
2026-08-30T00:58:47Z,3863856,VLLM::Worker_TP,0
2026-08-30T00:58:47Z,3863993,VLLM::Worker_TP,0
2026-08-30T00:58:47Z,3864120,VLLM::Worker_TP,0
2026-08-30T00:58:47Z,3864560,python3,0
2026-08-30T00:58:47Z,3865797,torch_shm_manag,0
2026-08-30T00:58:47Z,3865800,torch_shm_manag,0
2026-08-30T00:58:47Z,3865854,torch_shm_manag,0
2026-08-30T00:58:47Z,3865938,torch_shm_manag,0
2026-08-30T00:58:49Z,3862689,vllm,0
2026-08-30T00:58:49Z,3863565,python3,0
2026-08-30T00:58:49Z,3863566,VLLM::EngineCor,0
2026-08-30T00:58:49Z,3863741,VLLM::Worker_TP,0
2026-08-30T00:58:49Z,3863856,VLLM::Worker_TP,0
2026-08-30T00:58:49Z,3863993,VLLM::Worker_TP,0
2026-08-30T00:58:49Z,3864120,VLLM::Worker_TP,0
2026-08-30T00:58:49Z,3864560,python3,0
2026-08-30T00:58:49Z,3865797,torch_shm_manag,0
2026-08-30T00:58:49Z,3865800,torch_shm_manag,0
2026-08-30T00:58:49Z,3865854,torch_shm_manag,0
2026-08-30T00:58:49Z,3865938,torch_shm_manag,0
2026-08-30T00:58:50Z,3862689,vllm,0
2026-08-30T00:58:50Z,3863565,python3,0
2026-08-30T00:58:50Z,3863566,VLLM::EngineCor,0
2026-08-30T00:58:50Z,3863741,VLLM::Worker_TP,0
2026-08-30T00:58:50Z,3863856,VLLM::Worker_TP,0
2026-08-30T00:58:50Z,3863993,VLLM::Worker_TP,0
2026-08-30T00:58:50Z,3864120,VLLM::Worker_TP,0
2026-08-30T00:58:50Z,3864560,python3,0
2026-08-30T00:58:50Z,3865797,torch_shm_manag,0
2026-08-30T00:58:50Z,3865800,torch_shm_manag,0
2026-08-30T00:58:50Z,3865854,torch_shm_manag,0
2026-08-30T00:58:50Z,3865938,torch_shm_manag,0
2026-08-30T00:58:51Z,3862689,vllm,0
2026-08-30T00:58:51Z,3863565,python3,0
2026-08-30T00:58:51Z,3863566,VLLM::EngineCor,0
2026-08-30T00:58:51Z,3863741,VLLM::Worker_TP,0
2026-08-30T00:58:51Z,3863856,VLLM::Worker_TP,0
2026-08-30T00:58:51Z,3863993,VLLM::Worker_TP,0
2026-08-30T00:58:51Z,3864120,VLLM::Worker_TP,0
2026-08-30T00:58:51Z,3864560,python3,0
2026-08-30T00:58:51Z,3865797,torch_shm_manag,0
2026-08-30T00:58:51Z,3865800,torch_shm_manag,0
2026-08-30T00:58:51Z,3865854,torch_shm_manag,0
2026-08-30T00:58:51Z,3865938,torch_shm_manag,0
2026-08-30T00:58:52Z,3862689,vllm,0
2026-08-30T00:58:52Z,3863565,python3,0
2026-08-30T00:58:52Z,3863566,VLLM::EngineCor,0
2026-08-30T00:58:52Z,3863741,VLLM::Worker_TP,0
2026-08-30T00:58:52Z,3863856,VLLM::Worker_TP,0
2026-08-30T00:58:52Z,3863993,VLLM::Worker_TP,0
2026-08-30T00:58:52Z,3864120,VLLM::Worker_TP,0
2026-08-30T00:58:52Z,3864560,python3,0
2026-08-30T00:58:52Z,3865797,torch_shm_manag,0
2026-08-30T00:58:52Z,3865800,torch_shm_manag,0
2026-08-30T00:58:52Z,3865854,torch_shm_manag,0
2026-08-30T00:58:52Z,3865938,torch_shm_manag,0
2026-08-30T00:58:54Z,3862689,vllm,0
2026-08-30T00:58:54Z,3863565,python3,0
2026-08-30T00:58:54Z,3863566,VLLM::EngineCor,0
2026-08-30T00:58:54Z,3863741,VLLM::Worker_TP,0
2026-08-30T00:58:54Z,3863856,VLLM::Worker_TP,0
2026-08-30T00:58:54Z,3863993,VLLM::Worker_TP,0
2026-08-30T00:58:54Z,3864120,VLLM::Worker_TP,0
2026-08-30T00:58:54Z,3864560,python3,0
2026-08-30T00:58:54Z,3865797,torch_shm_manag,0
2026-08-30T00:58:54Z,3865800,torch_shm_manag,0
2026-08-30T00:58:54Z,3865854,torch_shm_manag,0
2026-08-30T00:58:54Z,3865938,torch_shm_manag,0
2026-08-30T00:58:55Z,3862689,vllm,0
2026-08-30T00:58:55Z,3863565,python3,0
2026-08-30T00:58:55Z,3863566,VLLM::EngineCor,0
2026-08-30T00:58:55Z,3863741,VLLM::Worker_TP,0
2026-08-30T00:58:55Z,3863856,VLLM::Worker_TP,0
2026-08-30T00:58:55Z,3863993,VLLM::Worker_TP,0
2026-08-30T00:58:55Z,3864120,VLLM::Worker_TP,0
2026-08-30T00:58:55Z,3864560,python3,0
2026-08-30T00:58:55Z,3865797,torch_shm_manag,0
2026-08-30T00:58:55Z,3865800,torch_shm_manag,0
2026-08-30T00:58:55Z,3865854,torch_shm_manag,0
2026-08-30T00:58:55Z,3865938,torch_shm_manag,0
2026-08-30T00:58:56Z,3862689,vllm,0
2026-08-30T00:58:56Z,3863565,python3,0
2026-08-30T00:58:56Z,3863566,VLLM::EngineCor,0
2026-08-30T00:58:56Z,3863741,VLLM::Worker_TP,0
2026-08-30T00:58:56Z,3863856,VLLM::Worker_TP,0
2026-08-30T00:58:56Z,3863993,VLLM::Worker_TP,0
2026-08-30T00:58:56Z,3864120,VLLM::Worker_TP,0
2026-08-30T00:58:56Z,3864560,python3,0
2026-08-30T00:58:56Z,3865797,torch_shm_manag,0
2026-08-30T00:58:56Z,3865800,torch_shm_manag,0
2026-08-30T00:58:56Z,3865854,torch_shm_manag,0
2026-08-30T00:58:56Z,3865938,torch_shm_manag,0
2026-08-30T00:58:57Z,3862689,vllm,0
2026-08-30T00:58:57Z,3863565,python3,0
2026-08-30T00:58:57Z,3863566,VLLM::EngineCor,0
2026-08-30T00:58:57Z,3863741,VLLM::Worker_TP,0
2026-08-30T00:58:57Z,3863856,VLLM::Worker_TP,0
2026-08-30T00:58:57Z,3863993,VLLM::Worker_TP,0
2026-08-30T00:58:57Z,3864120,VLLM::Worker_TP,0
2026-08-30T00:58:57Z,3864560,python3,0
2026-08-30T00:58:57Z,3865797,torch_shm_manag,0
2026-08-30T00:58:57Z,3865800,torch_shm_manag,0
2026-08-30T00:58:57Z,3865854,torch_shm_manag,0
2026-08-30T00:58:57Z,3865938,torch_shm_manag,0
2026-08-30T00:58:59Z,3862689,vllm,0
2026-08-30T00:58:59Z,3863565,python3,0
2026-08-30T00:58:59Z,3863566,VLLM::EngineCor,0
2026-08-30T00:58:59Z,3863741,VLLM::Worker_TP,0
2026-08-30T00:58:59Z,3863856,VLLM::Worker_TP,0
2026-08-30T00:58:59Z,3863993,VLLM::Worker_TP,0
2026-08-30T00:58:59Z,3864120,VLLM::Worker_TP,0
2026-08-30T00:58:59Z,3864560,python3,0
2026-08-30T00:58:59Z,3865797,torch_shm_manag,0
2026-08-30T00:58:59Z,3865800,torch_shm_manag,0
2026-08-30T00:58:59Z,3865854,torch_shm_manag,0
2026-08-30T00:58:59Z,3865938,torch_shm_manag,0
2026-08-30T00:59:00Z,3862689,vllm,0
2026-08-30T00:59:00Z,3863565,python3,0
2026-08-30T00:59:00Z,3863566,VLLM::EngineCor,0
2026-08-30T00:59:00Z,3863741,VLLM::Worker_TP,0
2026-08-30T00:59:00Z,3863856,VLLM::Worker_TP,0
2026-08-30T00:59:00Z,3863993,VLLM::Worker_TP,0
2026-08-30T00:59:00Z,3864120,VLLM::Worker_TP,0
2026-08-30T00:59:00Z,3864560,python3,0
2026-08-30T00:59:00Z,3865797,torch_shm_manag,0
2026-08-30T00:59:00Z,3865800,torch_shm_manag,0
2026-08-30T00:59:00Z,3865854,torch_shm_manag,0
2026-08-30T00:59:00Z,3865938,torch_shm_manag,0
2026-08-30T00:59:01Z,3862689,vllm,0
2026-08-30T00:59:01Z,3863565,python3,0
2026-08-30T00:59:01Z,3863566,VLLM::EngineCor,0
2026-08-30T00:59:01Z,3863741,VLLM::Worker_TP,0
2026-08-30T00:59:01Z,3863856,VLLM::Worker_TP,0
2026-08-30T00:59:01Z,3863993,VLLM::Worker_TP,0
2026-08-30T00:59:01Z,3864120,VLLM::Worker_TP,0
2026-08-30T00:59:01Z,3864560,python3,0
2026-08-30T00:59:01Z,3865797,torch_shm_manag,0
2026-08-30T00:59:01Z,3865800,torch_shm_manag,0
2026-08-30T00:59:01Z,3865854,torch_shm_manag,0
2026-08-30T00:59:01Z,3865938,torch_shm_manag,0
2026-08-30T00:59:03Z,3862689,vllm,0
2026-08-30T00:59:03Z,3863565,python3,0
2026-08-30T00:59:03Z,3863566,VLLM::EngineCor,0
2026-08-30T00:59:03Z,3863741,VLLM::Worker_TP,0
2026-08-30T00:59:03Z,3863856,VLLM::Worker_TP,0
2026-08-30T00:59:03Z,3863993,VLLM::Worker_TP,0
2026-08-30T00:59:03Z,3864120,VLLM::Worker_TP,0
2026-08-30T00:59:03Z,3864560,python3,0
2026-08-30T00:59:03Z,3865797,torch_shm_manag,0
2026-08-30T00:59:03Z,3865800,torch_shm_manag,0
2026-08-30T00:59:03Z,3865854,torch_shm_manag,0
2026-08-30T00:59:03Z,3865938,torch_shm_manag,0
2026-08-30T00:59:04Z,3862689,vllm,0
2026-08-30T00:59:04Z,3863565,python3,0
2026-08-30T00:59:04Z,3863566,VLLM::EngineCor,0
2026-08-30T00:59:04Z,3863741,VLLM::Worker_TP,0
2026-08-30T00:59:04Z,3863856,VLLM::Worker_TP,0
2026-08-30T00:59:04Z,3863993,VLLM::Worker_TP,0
2026-08-30T00:59:04Z,3864120,VLLM::Worker_TP,0
2026-08-30T00:59:04Z,3864560,python3,0
2026-08-30T00:59:04Z,3865797,torch_shm_manag,0
2026-08-30T00:59:04Z,3865800,torch_shm_manag,0
2026-08-30T00:59:04Z,3865854,torch_shm_manag,0
2026-08-30T00:59:04Z,3865938,torch_shm_manag,0
2026-08-30T00:59:05Z,3862689,vllm,0
2026-08-30T00:59:05Z,3863565,python3,0
2026-08-30T00:59:05Z,3863566,VLLM::EngineCor,0
2026-08-30T00:59:05Z,3863741,VLLM::Worker_TP,0
2026-08-30T00:59:05Z,3863856,VLLM::Worker_TP,0
2026-08-30T00:59:05Z,3863993,VLLM::Worker_TP,0
2026-08-30T00:59:05Z,3864120,VLLM::Worker_TP,0
2026-08-30T00:59:05Z,3864560,python3,0
2026-08-30T00:59:05Z,3865797,torch_shm_manag,0
2026-08-30T00:59:05Z,3865800,torch_shm_manag,0
2026-08-30T00:59:05Z,3865854,torch_shm_manag,0
2026-08-30T00:59:05Z,3865938,torch_shm_manag,0
2026-08-30T00:59:06Z,3862689,vllm,0
2026-08-30T00:59:06Z,3863565,python3,0
2026-08-30T00:59:06Z,3863566,VLLM::EngineCor,0
2026-08-30T00:59:06Z,3863741,VLLM::Worker_TP,0
2026-08-30T00:59:06Z,3863856,VLLM::Worker_TP,0
2026-08-30T00:59:06Z,3863993,VLLM::Worker_TP,0
2026-08-30T00:59:06Z,3864120,VLLM::Worker_TP,0
2026-08-30T00:59:06Z,3864560,python3,0
2026-08-30T00:59:06Z,3865797,torch_shm_manag,0
2026-08-30T00:59:06Z,3865800,torch_shm_manag,0
2026-08-30T00:59:06Z,3865854,torch_shm_manag,0
2026-08-30T00:59:06Z,3865938,torch_shm_manag,0
2026-08-30T00:59:08Z,3862689,vllm,0
2026-08-30T00:59:08Z,3863565,python3,0
2026-08-30T00:59:08Z,3863566,VLLM::EngineCor,0
2026-08-30T00:59:08Z,3863741,VLLM::Worker_TP,0
2026-08-30T00:59:08Z,3863856,VLLM::Worker_TP,0
2026-08-30T00:59:08Z,3863993,VLLM::Worker_TP,0
2026-08-30T00:59:08Z,3864120,VLLM::Worker_TP,0
2026-08-30T00:59:08Z,3864560,python3,0
2026-08-30T00:59:08Z,3865797,torch_shm_manag,0
2026-08-30T00:59:08Z,3865800,torch_shm_manag,0
2026-08-30T00:59:08Z,3865854,torch_shm_manag,0
2026-08-30T00:59:08Z,3865938,torch_shm_manag,0
2026-08-30T00:59:09Z,3862689,vllm,0
2026-08-30T00:59:09Z,3863565,python3,0
2026-08-30T00:59:09Z,3863566,VLLM::EngineCor,0
2026-08-30T00:59:09Z,3863741,VLLM::Worker_TP,0
2026-08-30T00:59:09Z,3863856,VLLM::Worker_TP,0
2026-08-30T00:59:09Z,3863993,VLLM::Worker_TP,0
2026-08-30T00:59:09Z,3864120,VLLM::Worker_TP,0
2026-08-30T00:59:09Z,3864560,python3,0
2026-08-30T00:59:09Z,3865797,torch_shm_manag,0
2026-08-30T00:59:09Z,3865800,torch_shm_manag,0
2026-08-30T00:59:09Z,3865854,torch_shm_manag,0
2026-08-30T00:59:09Z,3865938,torch_shm_manag,0
2026-08-30T00:59:10Z,3862689,vllm,0
2026-08-30T00:59:10Z,3863565,python3,0
2026-08-30T00:59:10Z,3863566,VLLM::EngineCor,0
2026-08-30T00:59:10Z,3863741,VLLM::Worker_TP,0
2026-08-30T00:59:10Z,3863856,VLLM::Worker_TP,0
2026-08-30T00:59:10Z,3863993,VLLM::Worker_TP,0
2026-08-30T00:59:10Z,3864120,VLLM::Worker_TP,0
2026-08-30T00:59:10Z,3864560,python3,0
2026-08-30T00:59:10Z,3865797,torch_shm_manag,0
2026-08-30T00:59:10Z,3865800,torch_shm_manag,0
2026-08-30T00:59:10Z,3865854,torch_shm_manag,0
2026-08-30T00:59:10Z,3865938,torch_shm_manag,0
2026-08-30T00:59:11Z,3862689,vllm,0
2026-08-30T00:59:11Z,3863565,python3,0
2026-08-30T00:59:11Z,3863566,VLLM::EngineCor,0
2026-08-30T00:59:11Z,3863741,VLLM::Worker_TP,0
2026-08-30T00:59:11Z,3863856,VLLM::Worker_TP,0
2026-08-30T00:59:11Z,3863993,VLLM::Worker_TP,0
2026-08-30T00:59:11Z,3864120,VLLM::Worker_TP,0
2026-08-30T00:59:11Z,3864560,python3,0
2026-08-30T00:59:11Z,3865797,torch_shm_manag,0
2026-08-30T00:59:11Z,3865800,torch_shm_manag,0
2026-08-30T00:59:11Z,3865854,torch_shm_manag,0
2026-08-30T00:59:11Z,3865938,torch_shm_manag,0
2026-08-30T00:59:13Z,3862689,vllm,0
2026-08-30T00:59:13Z,3863565,python3,0
2026-08-30T00:59:13Z,3863566,VLLM::EngineCor,0
2026-08-30T00:59:13Z,3863741,VLLM::Worker_TP,0
2026-08-30T00:59:13Z,3863856,VLLM::Worker_TP,0
2026-08-30T00:59:13Z,3863993,VLLM::Worker_TP,0
2026-08-30T00:59:13Z,3864120,VLLM::Worker_TP,0
2026-08-30T00:59:13Z,3864560,python3,0
2026-08-30T00:59:13Z,3865797,torch_shm_manag,0
2026-08-30T00:59:13Z,3865800,torch_shm_manag,0
2026-08-30T00:59:13Z,3865854,torch_shm_manag,0
2026-08-30T00:59:13Z,3865938,torch_shm_manag,0
2026-08-30T00:59:14Z,3862689,vllm,0
2026-08-30T00:59:14Z,3863565,python3,0
2026-08-30T00:59:14Z,3863566,VLLM::EngineCor,0
2026-08-30T00:59:14Z,3863741,VLLM::Worker_TP,0
2026-08-30T00:59:14Z,3863856,VLLM::Worker_TP,0
2026-08-30T00:59:14Z,3863993,VLLM::Worker_TP,0
2026-08-30T00:59:14Z,3864120,VLLM::Worker_TP,0
2026-08-30T00:59:14Z,3864560,python3,0
2026-08-30T00:59:14Z,3865797,torch_shm_manag,0
2026-08-30T00:59:14Z,3865800,torch_shm_manag,0
2026-08-30T00:59:14Z,3865854,torch_shm_manag,0
2026-08-30T00:59:14Z,3865938,torch_shm_manag,0
2026-08-30T00:59:15Z,3862689,vllm,0
2026-08-30T00:59:15Z,3863565,python3,0
2026-08-30T00:59:15Z,3863566,VLLM::EngineCor,0
2026-08-30T00:59:15Z,3863741,VLLM::Worker_TP,0
2026-08-30T00:59:15Z,3863856,VLLM::Worker_TP,0
2026-08-30T00:59:15Z,3863993,VLLM::Worker_TP,0
2026-08-30T00:59:15Z,3864120,VLLM::Worker_TP,0
2026-08-30T00:59:15Z,3864560,python3,0
2026-08-30T00:59:15Z,3865797,torch_shm_manag,0
2026-08-30T00:59:15Z,3865800,torch_shm_manag,0
2026-08-30T00:59:15Z,3865854,torch_shm_manag,0
2026-08-30T00:59:15Z,3865938,torch_shm_manag,0
2026-08-30T00:59:16Z,3862689,vllm,0
2026-08-30T00:59:16Z,3863565,python3,0
2026-08-30T00:59:16Z,3863566,VLLM::EngineCor,0
2026-08-30T00:59:16Z,3863741,VLLM::Worker_TP,0
2026-08-30T00:59:16Z,3863856,VLLM::Worker_TP,0
2026-08-30T00:59:16Z,3863993,VLLM::Worker_TP,0
2026-08-30T00:59:16Z,3864120,VLLM::Worker_TP,0
2026-08-30T00:59:16Z,3864560,python3,0
2026-08-30T00:59:16Z,3865797,torch_shm_manag,0
2026-08-30T00:59:16Z,3865800,torch_shm_manag,0
2026-08-30T00:59:16Z,3865854,torch_shm_manag,0
2026-08-30T00:59:16Z,3865938,torch_shm_manag,0
2026-08-30T00:59:18Z,3862689,vllm,0
2026-08-30T00:59:18Z,3863565,python3,0
2026-08-30T00:59:18Z,3863566,VLLM::EngineCor,0
2026-08-30T00:59:18Z,3863741,VLLM::Worker_TP,0
2026-08-30T00:59:18Z,3863856,VLLM::Worker_TP,0
2026-08-30T00:59:18Z,3863993,VLLM::Worker_TP,0
2026-08-30T00:59:18Z,3864120,VLLM::Worker_TP,0
2026-08-30T00:59:18Z,3864560,python3,0
2026-08-30T00:59:18Z,3865797,torch_shm_manag,0
2026-08-30T00:59:18Z,3865800,torch_shm_manag,0
2026-08-30T00:59:18Z,3865854,torch_shm_manag,0
2026-08-30T00:59:18Z,3865938,torch_shm_manag,0
2026-08-30T00:59:19Z,3862689,vllm,0
2026-08-30T00:59:19Z,3863565,python3,0
2026-08-30T00:59:19Z,3863566,VLLM::EngineCor,0
2026-08-30T00:59:19Z,3863741,VLLM::Worker_TP,0
2026-08-30T00:59:19Z,3863856,VLLM::Worker_TP,0
2026-08-30T00:59:19Z,3863993,VLLM::Worker_TP,0
2026-08-30T00:59:19Z,3864120,VLLM::Worker_TP,0
2026-08-30T00:59:19Z,3864560,python3,0
2026-08-30T00:59:19Z,3865797,torch_shm_manag,0
2026-08-30T00:59:19Z,3865800,torch_shm_manag,0
2026-08-30T00:59:19Z,3865854,torch_shm_manag,0
2026-08-30T00:59:19Z,3865938,torch_shm_manag,0
2026-08-30T00:59:20Z,3862689,vllm,0
2026-08-30T00:59:20Z,3863565,python3,0
2026-08-30T00:59:20Z,3863566,VLLM::EngineCor,0
2026-08-30T00:59:20Z,3863741,VLLM::Worker_TP,0
2026-08-30T00:59:20Z,3863856,VLLM::Worker_TP,0
2026-08-30T00:59:20Z,3863993,VLLM::Worker_TP,0
2026-08-30T00:59:20Z,3864120,VLLM::Worker_TP,0
2026-08-30T00:59:20Z,3864560,python3,0
2026-08-30T00:59:20Z,3865797,torch_shm_manag,0
2026-08-30T00:59:20Z,3865800,torch_shm_manag,0
2026-08-30T00:59:20Z,3865854,torch_shm_manag,0
2026-08-30T00:59:20Z,3865938,torch_shm_manag,0
2026-08-30T00:59:21Z,3862689,vllm,0
2026-08-30T00:59:21Z,3863565,python3,0
2026-08-30T00:59:21Z,3863566,VLLM::EngineCor,0
2026-08-30T00:59:21Z,3863741,VLLM::Worker_TP,0
2026-08-30T00:59:21Z,3863856,VLLM::Worker_TP,0
2026-08-30T00:59:21Z,3863993,VLLM::Worker_TP,0
2026-08-30T00:59:21Z,3864120,VLLM::Worker_TP,0
2026-08-30T00:59:21Z,3864560,python3,0
2026-08-30T00:59:21Z,3865797,torch_shm_manag,0
2026-08-30T00:59:21Z,3865800,torch_shm_manag,0
2026-08-30T00:59:21Z,3865854,torch_shm_manag,0
2026-08-30T00:59:21Z,3865938,torch_shm_manag,0
2026-08-30T00:59:23Z,3862689,vllm,0
2026-08-30T00:59:23Z,3863565,python3,0
2026-08-30T00:59:23Z,3863566,VLLM::EngineCor,0
2026-08-30T00:59:23Z,3863741,VLLM::Worker_TP,0
2026-08-30T00:59:23Z,3863856,VLLM::Worker_TP,0
2026-08-30T00:59:23Z,3863993,VLLM::Worker_TP,0
2026-08-30T00:59:23Z,3864120,VLLM::Worker_TP,0
2026-08-30T00:59:23Z,3864560,python3,0
2026-08-30T00:59:23Z,3865797,torch_shm_manag,0
2026-08-30T00:59:23Z,3865800,torch_shm_manag,0
2026-08-30T00:59:23Z,3865854,torch_shm_manag,0
2026-08-30T00:59:23Z,3865938,torch_shm_manag,0
2026-08-30T00:59:24Z,3862689,vllm,0
2026-08-30T00:59:24Z,3863565,python3,0
2026-08-30T00:59:24Z,3863566,VLLM::EngineCor,0
2026-08-30T00:59:24Z,3863741,VLLM::Worker_TP,0
2026-08-30T00:59:24Z,3863856,VLLM::Worker_TP,0
2026-08-30T00:59:24Z,3863993,VLLM::Worker_TP,0
2026-08-30T00:59:24Z,3864120,VLLM::Worker_TP,0
2026-08-30T00:59:24Z,3864560,python3,0
2026-08-30T00:59:24Z,3865797,torch_shm_manag,0
2026-08-30T00:59:24Z,3865800,torch_shm_manag,0
2026-08-30T00:59:24Z,3865854,torch_shm_manag,0
2026-08-30T00:59:24Z,3865938,torch_shm_manag,0
2026-08-30T00:59:25Z,3862689,vllm,0
2026-08-30T00:59:25Z,3863565,python3,0
2026-08-30T00:59:25Z,3863566,VLLM::EngineCor,0
2026-08-30T00:59:25Z,3863741,VLLM::Worker_TP,0
2026-08-30T00:59:25Z,3863856,VLLM::Worker_TP,0
2026-08-30T00:59:25Z,3863993,VLLM::Worker_TP,0
2026-08-30T00:59:25Z,3864120,VLLM::Worker_TP,0
2026-08-30T00:59:25Z,3864560,python3,0
2026-08-30T00:59:25Z,3865797,torch_shm_manag,0
2026-08-30T00:59:25Z,3865800,torch_shm_manag,0
2026-08-30T00:59:25Z,3865854,torch_shm_manag,0
2026-08-30T00:59:25Z,3865938,torch_shm_manag,0
2026-08-30T00:59:26Z,3862689,vllm,0
2026-08-30T00:59:26Z,3863565,python3,0
2026-08-30T00:59:26Z,3863566,VLLM::EngineCor,0
2026-08-30T00:59:26Z,3863741,VLLM::Worker_TP,0
2026-08-30T00:59:26Z,3863856,VLLM::Worker_TP,0
2026-08-30T00:59:26Z,3863993,VLLM::Worker_TP,0
2026-08-30T00:59:26Z,3864120,VLLM::Worker_TP,0
2026-08-30T00:59:26Z,3864560,python3,0
2026-08-30T00:59:26Z,3865797,torch_shm_manag,0
2026-08-30T00:59:26Z,3865800,torch_shm_manag,0
2026-08-30T00:59:26Z,3865854,torch_shm_manag,0
2026-08-30T00:59:26Z,3865938,torch_shm_manag,0
2026-08-30T00:59:27Z,3862689,vllm,0
2026-08-30T00:59:27Z,3863565,python3,0
2026-08-30T00:59:27Z,3863566,VLLM::EngineCor,0
2026-08-30T00:59:27Z,3863741,VLLM::Worker_TP,0
2026-08-30T00:59:27Z,3863856,VLLM::Worker_TP,0
2026-08-30T00:59:27Z,3863993,VLLM::Worker_TP,0
2026-08-30T00:59:27Z,3864120,VLLM::Worker_TP,0
2026-08-30T00:59:27Z,3864560,python3,0
2026-08-30T00:59:27Z,3865797,torch_shm_manag,0
2026-08-30T00:59:27Z,3865800,torch_shm_manag,0
2026-08-30T00:59:27Z,3865854,torch_shm_manag,0
2026-08-30T00:59:27Z,3865938,torch_shm_manag,0
2026-08-30T00:59:29Z,3862689,vllm,0
2026-08-30T00:59:29Z,3863565,python3,0
2026-08-30T00:59:29Z,3863566,VLLM::EngineCor,0
2026-08-30T00:59:29Z,3863741,VLLM::Worker_TP,0
2026-08-30T00:59:29Z,3863856,VLLM::Worker_TP,0
2026-08-30T00:59:29Z,3863993,VLLM::Worker_TP,0
2026-08-30T00:59:29Z,3864120,VLLM::Worker_TP,0
2026-08-30T00:59:29Z,3864560,python3,0
2026-08-30T00:59:29Z,3865797,torch_shm_manag,0
2026-08-30T00:59:29Z,3865800,torch_shm_manag,0
2026-08-30T00:59:29Z,3865854,torch_shm_manag,0
2026-08-30T00:59:29Z,3865938,torch_shm_manag,0
2026-08-30T00:59:30Z,3862689,vllm,0
2026-08-30T00:59:30Z,3863565,python3,0
2026-08-30T00:59:30Z,3863566,VLLM::EngineCor,0
2026-08-30T00:59:30Z,3863741,VLLM::Worker_TP,0
2026-08-30T00:59:30Z,3863856,VLLM::Worker_TP,0
2026-08-30T00:59:30Z,3863993,VLLM::Worker_TP,0
2026-08-30T00:59:30Z,3864120,VLLM::Worker_TP,0
2026-08-30T00:59:30Z,3864560,python3,0
2026-08-30T00:59:30Z,3865797,torch_shm_manag,0
2026-08-30T00:59:30Z,3865800,torch_shm_manag,0
2026-08-30T00:59:30Z,3865854,torch_shm_manag,0
2026-08-30T00:59:30Z,3865938,torch_shm_manag,0
2026-08-30T00:59:31Z,3862689,vllm,0
2026-08-30T00:59:31Z,3863565,python3,0
2026-08-30T00:59:31Z,3863566,VLLM::EngineCor,0
2026-08-30T00:59:31Z,3863741,VLLM::Worker_TP,0
2026-08-30T00:59:31Z,3863856,VLLM::Worker_TP,0
2026-08-30T00:59:31Z,3863993,VLLM::Worker_TP,0
2026-08-30T00:59:31Z,3864120,VLLM::Worker_TP,0
2026-08-30T00:59:31Z,3864560,python3,0
2026-08-30T00:59:31Z,3865797,torch_shm_manag,0
2026-08-30T00:59:31Z,3865800,torch_shm_manag,0
2026-08-30T00:59:31Z,3865854,torch_shm_manag,0
2026-08-30T00:59:31Z,3865938,torch_shm_manag,0
2026-08-30T00:59:32Z,3862689,vllm,0
2026-08-30T00:59:32Z,3863565,python3,0
2026-08-30T00:59:32Z,3863566,VLLM::EngineCor,0
2026-08-30T00:59:32Z,3863741,VLLM::Worker_TP,0
2026-08-30T00:59:32Z,3863856,VLLM::Worker_TP,0
2026-08-30T00:59:32Z,3863993,VLLM::Worker_TP,0
2026-08-30T00:59:32Z,3864120,VLLM::Worker_TP,0
2026-08-30T00:59:32Z,3864560,python3,0
2026-08-30T00:59:32Z,3865797,torch_shm_manag,0
2026-08-30T00:59:32Z,3865800,torch_shm_manag,0
2026-08-30T00:59:32Z,3865854,torch_shm_manag,0
2026-08-30T00:59:32Z,3865938,torch_shm_manag,0
2026-08-30T00:59:34Z,3862689,vllm,0
2026-08-30T00:59:34Z,3863565,python3,0
2026-08-30T00:59:34Z,3863566,VLLM::EngineCor,0
2026-08-30T00:59:34Z,3863741,VLLM::Worker_TP,0
2026-08-30T00:59:34Z,3863856,VLLM::Worker_TP,0
2026-08-30T00:59:34Z,3863993,VLLM::Worker_TP,0
2026-08-30T00:59:34Z,3864120,VLLM::Worker_TP,0
2026-08-30T00:59:34Z,3864560,python3,0
2026-08-30T00:59:34Z,3865797,torch_shm_manag,0
2026-08-30T00:59:34Z,3865800,torch_shm_manag,0
2026-08-30T00:59:34Z,3865854,torch_shm_manag,0
2026-08-30T00:59:34Z,3865938,torch_shm_manag,0
2026-08-30T00:59:35Z,3862689,vllm,0
2026-08-30T00:59:35Z,3863565,python3,0
2026-08-30T00:59:35Z,3863566,VLLM::EngineCor,0
2026-08-30T00:59:35Z,3863741,VLLM::Worker_TP,0
2026-08-30T00:59:35Z,3863856,VLLM::Worker_TP,0
2026-08-30T00:59:35Z,3863993,VLLM::Worker_TP,0
2026-08-30T00:59:35Z,3864120,VLLM::Worker_TP,0
2026-08-30T00:59:35Z,3864560,python3,0
2026-08-30T00:59:35Z,3865797,torch_shm_manag,0
2026-08-30T00:59:35Z,3865800,torch_shm_manag,0
2026-08-30T00:59:35Z,3865854,torch_shm_manag,0
2026-08-30T00:59:35Z,3865938,torch_shm_manag,0
2026-08-30T00:59:36Z,3862689,vllm,0
2026-08-30T00:59:36Z,3863565,python3,0
2026-08-30T00:59:36Z,3863566,VLLM::EngineCor,0
2026-08-30T00:59:36Z,3863741,VLLM::Worker_TP,0
2026-08-30T00:59:36Z,3863856,VLLM::Worker_TP,0
2026-08-30T00:59:36Z,3863993,VLLM::Worker_TP,0
2026-08-30T00:59:36Z,3864120,VLLM::Worker_TP,0
2026-08-30T00:59:36Z,3864560,python3,0
2026-08-30T00:59:36Z,3865797,torch_shm_manag,0
2026-08-30T00:59:36Z,3865800,torch_shm_manag,0
2026-08-30T00:59:36Z,3865854,torch_shm_manag,0
2026-08-30T00:59:36Z,3865938,torch_shm_manag,0
2026-08-30T00:59:38Z,3862689,vllm,0
2026-08-30T00:59:38Z,3863565,python3,0
2026-08-30T00:59:38Z,3863566,VLLM::EngineCor,0
2026-08-30T00:59:38Z,3863741,VLLM::Worker_TP,0
2026-08-30T00:59:38Z,3863856,VLLM::Worker_TP,0
2026-08-30T00:59:38Z,3863993,VLLM::Worker_TP,0
2026-08-30T00:59:38Z,3864120,VLLM::Worker_TP,0
2026-08-30T00:59:38Z,3864560,python3,0
2026-08-30T00:59:38Z,3865797,torch_shm_manag,0
2026-08-30T00:59:38Z,3865800,torch_shm_manag,0
2026-08-30T00:59:38Z,3865854,torch_shm_manag,0
2026-08-30T00:59:38Z,3865938,torch_shm_manag,0
2026-08-30T00:59:39Z,3862689,vllm,0
2026-08-30T00:59:39Z,3863565,python3,0
2026-08-30T00:59:39Z,3863566,VLLM::EngineCor,0
2026-08-30T00:59:39Z,3863741,VLLM::Worker_TP,0
2026-08-30T00:59:39Z,3863856,VLLM::Worker_TP,0
2026-08-30T00:59:39Z,3863993,VLLM::Worker_TP,0
2026-08-30T00:59:39Z,3864120,VLLM::Worker_TP,0
2026-08-30T00:59:39Z,3864560,python3,0
2026-08-30T00:59:39Z,3865797,torch_shm_manag,0
2026-08-30T00:59:39Z,3865800,torch_shm_manag,0
2026-08-30T00:59:39Z,3865854,torch_shm_manag,0
2026-08-30T00:59:39Z,3865938,torch_shm_manag,0
2026-08-30T00:59:40Z,3862689,vllm,0
2026-08-30T00:59:40Z,3863565,python3,0
2026-08-30T00:59:40Z,3863566,VLLM::EngineCor,0
2026-08-30T00:59:40Z,3863741,VLLM::Worker_TP,0
2026-08-30T00:59:40Z,3863856,VLLM::Worker_TP,0
2026-08-30T00:59:40Z,3863993,VLLM::Worker_TP,0
2026-08-30T00:59:40Z,3864120,VLLM::Worker_TP,0
2026-08-30T00:59:40Z,3864560,python3,0
2026-08-30T00:59:40Z,3865797,torch_shm_manag,0
2026-08-30T00:59:40Z,3865800,torch_shm_manag,0
2026-08-30T00:59:40Z,3865854,torch_shm_manag,0
2026-08-30T00:59:40Z,3865938,torch_shm_manag,0
2026-08-30T00:59:41Z,3862689,vllm,0
2026-08-30T00:59:41Z,3863565,python3,0
2026-08-30T00:59:41Z,3863566,VLLM::EngineCor,0
2026-08-30T00:59:41Z,3863741,VLLM::Worker_TP,0
2026-08-30T00:59:41Z,3863856,VLLM::Worker_TP,0
2026-08-30T00:59:41Z,3863993,VLLM::Worker_TP,0
2026-08-30T00:59:41Z,3864120,VLLM::Worker_TP,0
2026-08-30T00:59:41Z,3864560,python3,0
2026-08-30T00:59:41Z,3865797,torch_shm_manag,0
2026-08-30T00:59:41Z,3865800,torch_shm_manag,0
2026-08-30T00:59:41Z,3865854,torch_shm_manag,0
2026-08-30T00:59:41Z,3865938,torch_shm_manag,0
2026-08-30T00:59:43Z,3862689,vllm,0
2026-08-30T00:59:43Z,3863565,python3,0
2026-08-30T00:59:43Z,3863566,VLLM::EngineCor,0
2026-08-30T00:59:43Z,3863741,VLLM::Worker_TP,0
2026-08-30T00:59:43Z,3863856,VLLM::Worker_TP,0
2026-08-30T00:59:43Z,3863993,VLLM::Worker_TP,0
2026-08-30T00:59:43Z,3864120,VLLM::Worker_TP,0
2026-08-30T00:59:43Z,3864560,python3,0
2026-08-30T00:59:43Z,3865797,torch_shm_manag,0
2026-08-30T00:59:43Z,3865800,torch_shm_manag,0
2026-08-30T00:59:43Z,3865854,torch_shm_manag,0
2026-08-30T00:59:43Z,3865938,torch_shm_manag,0
2026-08-30T00:59:44Z,3862689,vllm,0
2026-08-30T00:59:44Z,3863565,python3,0
2026-08-30T00:59:44Z,3863566,VLLM::EngineCor,0
2026-08-30T00:59:44Z,3863741,VLLM::Worker_TP,0
2026-08-30T00:59:44Z,3863856,VLLM::Worker_TP,0
2026-08-30T00:59:44Z,3863993,VLLM::Worker_TP,0
2026-08-30T00:59:44Z,3864120,VLLM::Worker_TP,0
2026-08-30T00:59:44Z,3864560,python3,0
2026-08-30T00:59:44Z,3865797,torch_shm_manag,0
2026-08-30T00:59:44Z,3865800,torch_shm_manag,0
2026-08-30T00:59:44Z,3865854,torch_shm_manag,0
2026-08-30T00:59:44Z,3865938,torch_shm_manag,0
2026-08-30T00:59:45Z,3862689,vllm,0
2026-08-30T00:59:45Z,3863565,python3,0
2026-08-30T00:59:45Z,3863566,VLLM::EngineCor,0
2026-08-30T00:59:45Z,3863741,VLLM::Worker_TP,0
2026-08-30T00:59:45Z,3863856,VLLM::Worker_TP,0
2026-08-30T00:59:45Z,3863993,VLLM::Worker_TP,0
2026-08-30T00:59:45Z,3864120,VLLM::Worker_TP,0
2026-08-30T00:59:45Z,3864560,python3,0
2026-08-30T00:59:45Z,3865797,torch_shm_manag,0
2026-08-30T00:59:45Z,3865800,torch_shm_manag,0
2026-08-30T00:59:45Z,3865854,torch_shm_manag,0
2026-08-30T00:59:45Z,3865938,torch_shm_manag,0
2026-08-30T00:59:46Z,3862689,vllm,0
2026-08-30T00:59:46Z,3863565,python3,0
2026-08-30T00:59:46Z,3863566,VLLM::EngineCor,0
2026-08-30T00:59:46Z,3863741,VLLM::Worker_TP,0
2026-08-30T00:59:46Z,3863856,VLLM::Worker_TP,0
2026-08-30T00:59:46Z,3863993,VLLM::Worker_TP,0
2026-08-30T00:59:46Z,3864120,VLLM::Worker_TP,0
2026-08-30T00:59:46Z,3864560,python3,0
2026-08-30T00:59:46Z,3865797,torch_shm_manag,0
2026-08-30T00:59:46Z,3865800,torch_shm_manag,0
2026-08-30T00:59:46Z,3865854,torch_shm_manag,0
2026-08-30T00:59:46Z,3865938,torch_shm_manag,0
2026-08-30T00:59:47Z,3862689,vllm,0
2026-08-30T00:59:47Z,3863565,python3,0
2026-08-30T00:59:47Z,3863566,VLLM::EngineCor,0
2026-08-30T00:59:47Z,3863741,VLLM::Worker_TP,0
2026-08-30T00:59:47Z,3863856,VLLM::Worker_TP,0
2026-08-30T00:59:47Z,3863993,VLLM::Worker_TP,0
2026-08-30T00:59:47Z,3864120,VLLM::Worker_TP,0
2026-08-30T00:59:47Z,3864560,python3,0
2026-08-30T00:59:47Z,3865797,torch_shm_manag,0
2026-08-30T00:59:47Z,3865800,torch_shm_manag,0
2026-08-30T00:59:47Z,3865854,torch_shm_manag,0
2026-08-30T00:59:47Z,3865938,torch_shm_manag,0
2026-08-30T00:59:49Z,3862689,vllm,0
2026-08-30T00:59:49Z,3863565,python3,0
2026-08-30T00:59:49Z,3863566,VLLM::EngineCor,0
2026-08-30T00:59:49Z,3863741,VLLM::Worker_TP,0
2026-08-30T00:59:49Z,3863856,VLLM::Worker_TP,0
2026-08-30T00:59:49Z,3863993,VLLM::Worker_TP,0
2026-08-30T00:59:49Z,3864120,VLLM::Worker_TP,0
2026-08-30T00:59:49Z,3864560,python3,0
2026-08-30T00:59:49Z,3865797,torch_shm_manag,0
2026-08-30T00:59:49Z,3865800,torch_shm_manag,0
2026-08-30T00:59:49Z,3865854,torch_shm_manag,0
2026-08-30T00:59:49Z,3865938,torch_shm_manag,0
2026-08-30T00:59:50Z,3862689,vllm,0
2026-08-30T00:59:50Z,3863565,python3,0
2026-08-30T00:59:50Z,3863566,VLLM::EngineCor,0
2026-08-30T00:59:50Z,3863741,VLLM::Worker_TP,0
2026-08-30T00:59:50Z,3863856,VLLM::Worker_TP,0
2026-08-30T00:59:50Z,3863993,VLLM::Worker_TP,0
2026-08-30T00:59:50Z,3864120,VLLM::Worker_TP,0
2026-08-30T00:59:50Z,3864560,python3,0
2026-08-30T00:59:50Z,3865797,torch_shm_manag,0
2026-08-30T00:59:50Z,3865800,torch_shm_manag,0
2026-08-30T00:59:50Z,3865854,torch_shm_manag,0
2026-08-30T00:59:50Z,3865938,torch_shm_manag,0
2026-08-30T00:59:51Z,3862689,vllm,0
2026-08-30T00:59:51Z,3863565,python3,0
2026-08-30T00:59:51Z,3863566,VLLM::EngineCor,0
2026-08-30T00:59:51Z,3863741,VLLM::Worker_TP,0
2026-08-30T00:59:51Z,3863856,VLLM::Worker_TP,0
2026-08-30T00:59:51Z,3863993,VLLM::Worker_TP,0
2026-08-30T00:59:51Z,3864120,VLLM::Worker_TP,0
2026-08-30T00:59:51Z,3864560,python3,0
2026-08-30T00:59:51Z,3865797,torch_shm_manag,0
2026-08-30T00:59:51Z,3865800,torch_shm_manag,0
2026-08-30T00:59:51Z,3865854,torch_shm_manag,0
2026-08-30T00:59:51Z,3865938,torch_shm_manag,0
2026-08-30T00:59:53Z,3862689,vllm,0
2026-08-30T00:59:53Z,3863565,python3,0
2026-08-30T00:59:53Z,3863566,VLLM::EngineCor,0
2026-08-30T00:59:53Z,3863741,VLLM::Worker_TP,0
2026-08-30T00:59:53Z,3863856,VLLM::Worker_TP,0
2026-08-30T00:59:53Z,3863993,VLLM::Worker_TP,0
2026-08-30T00:59:53Z,3864120,VLLM::Worker_TP,0
2026-08-30T00:59:53Z,3864560,python3,0
2026-08-30T00:59:53Z,3865797,torch_shm_manag,0
2026-08-30T00:59:53Z,3865800,torch_shm_manag,0
2026-08-30T00:59:53Z,3865854,torch_shm_manag,0
2026-08-30T00:59:53Z,3865938,torch_shm_manag,0
2026-08-30T00:59:54Z,3862689,vllm,0
2026-08-30T00:59:54Z,3863565,python3,0
2026-08-30T00:59:54Z,3863566,VLLM::EngineCor,0
2026-08-30T00:59:54Z,3863741,VLLM::Worker_TP,0
2026-08-30T00:59:54Z,3863856,VLLM::Worker_TP,0
2026-08-30T00:59:54Z,3863993,VLLM::Worker_TP,0
2026-08-30T00:59:54Z,3864120,VLLM::Worker_TP,0
2026-08-30T00:59:54Z,3864560,python3,0
2026-08-30T00:59:54Z,3865797,torch_shm_manag,0
2026-08-30T00:59:54Z,3865800,torch_shm_manag,0
2026-08-30T00:59:54Z,3865854,torch_shm_manag,0
2026-08-30T00:59:54Z,3865938,torch_shm_manag,0
2026-08-30T00:59:55Z,3862689,vllm,0
2026-08-30T00:59:55Z,3863565,python3,0
2026-08-30T00:59:55Z,3863566,VLLM::EngineCor,0
2026-08-30T00:59:55Z,3863741,VLLM::Worker_TP,0
2026-08-30T00:59:55Z,3863856,VLLM::Worker_TP,0
2026-08-30T00:59:55Z,3863993,VLLM::Worker_TP,0
2026-08-30T00:59:55Z,3864120,VLLM::Worker_TP,0
2026-08-30T00:59:55Z,3864560,python3,0
2026-08-30T00:59:55Z,3865797,torch_shm_manag,0
2026-08-30T00:59:55Z,3865800,torch_shm_manag,0
2026-08-30T00:59:55Z,3865854,torch_shm_manag,0
2026-08-30T00:59:55Z,3865938,torch_shm_manag,0
2026-08-30T00:59:56Z,3862689,vllm,0
2026-08-30T00:59:56Z,3863565,python3,0
2026-08-30T00:59:56Z,3863566,VLLM::EngineCor,0
2026-08-30T00:59:56Z,3863741,VLLM::Worker_TP,0
2026-08-30T00:59:56Z,3863856,VLLM::Worker_TP,0
2026-08-30T00:59:56Z,3863993,VLLM::Worker_TP,0
2026-08-30T00:59:56Z,3864120,VLLM::Worker_TP,0
2026-08-30T00:59:56Z,3864560,python3,0
2026-08-30T00:59:56Z,3865797,torch_shm_manag,0
2026-08-30T00:59:56Z,3865800,torch_shm_manag,0
2026-08-30T00:59:56Z,3865854,torch_shm_manag,0
2026-08-30T00:59:56Z,3865938,torch_shm_manag,0
2026-08-30T00:59:57Z,3862689,vllm,0
2026-08-30T00:59:57Z,3863565,python3,0
2026-08-30T00:59:57Z,3863566,VLLM::EngineCor,0
2026-08-30T00:59:57Z,3863741,VLLM::Worker_TP,0
2026-08-30T00:59:57Z,3863856,VLLM::Worker_TP,0
2026-08-30T00:59:57Z,3863993,VLLM::Worker_TP,0
2026-08-30T00:59:57Z,3864120,VLLM::Worker_TP,0
2026-08-30T00:59:57Z,3864560,python3,0
2026-08-30T00:59:57Z,3865797,torch_shm_manag,0
2026-08-30T00:59:57Z,3865800,torch_shm_manag,0
2026-08-30T00:59:57Z,3865854,torch_shm_manag,0
2026-08-30T00:59:57Z,3865938,torch_shm_manag,0
2026-08-30T00:59:59Z,3862689,vllm,0
2026-08-30T00:59:59Z,3863565,python3,0
2026-08-30T00:59:59Z,3863566,VLLM::EngineCor,0
2026-08-30T00:59:59Z,3863741,VLLM::Worker_TP,0
2026-08-30T00:59:59Z,3863856,VLLM::Worker_TP,0
2026-08-30T00:59:59Z,3863993,VLLM::Worker_TP,0
2026-08-30T00:59:59Z,3864120,VLLM::Worker_TP,0
2026-08-30T00:59:59Z,3864560,python3,0
2026-08-30T00:59:59Z,3865797,torch_shm_manag,0
2026-08-30T00:59:59Z,3865800,torch_shm_manag,0
2026-08-30T00:59:59Z,3865854,torch_shm_manag,0
2026-08-30T00:59:59Z,3865938,torch_shm_manag,0
2026-08-30T01:00:00Z,3862689,vllm,0
2026-08-30T01:00:00Z,3863565,python3,0
2026-08-30T01:00:00Z,3863566,VLLM::EngineCor,0
2026-08-30T01:00:00Z,3863741,VLLM::Worker_TP,0
2026-08-30T01:00:00Z,3863856,VLLM::Worker_TP,0
2026-08-30T01:00:00Z,3863993,VLLM::Worker_TP,0
2026-08-30T01:00:00Z,3864120,VLLM::Worker_TP,0
2026-08-30T01:00:00Z,3864560,python3,0
2026-08-30T01:00:00Z,3865797,torch_shm_manag,0
2026-08-30T01:00:00Z,3865800,torch_shm_manag,0
2026-08-30T01:00:00Z,3865854,torch_shm_manag,0
2026-08-30T01:00:00Z,3865938,torch_shm_manag,0
2026-08-30T01:00:01Z,3862689,vllm,0
2026-08-30T01:00:01Z,3863565,python3,0
2026-08-30T01:00:01Z,3863566,VLLM::EngineCor,0
2026-08-30T01:00:01Z,3863741,VLLM::Worker_TP,0
2026-08-30T01:00:01Z,3863856,VLLM::Worker_TP,0
2026-08-30T01:00:01Z,3863993,VLLM::Worker_TP,0
2026-08-30T01:00:01Z,3864120,VLLM::Worker_TP,0
2026-08-30T01:00:01Z,3864560,python3,0
2026-08-30T01:00:01Z,3865797,torch_shm_manag,0
2026-08-30T01:00:01Z,3865800,torch_shm_manag,0
2026-08-30T01:00:01Z,3865854,torch_shm_manag,0
2026-08-30T01:00:01Z,3865938,torch_shm_manag,0
2026-08-30T01:00:02Z,3862689,vllm,0
2026-08-30T01:00:02Z,3863565,python3,0
2026-08-30T01:00:02Z,3863566,VLLM::EngineCor,0
2026-08-30T01:00:02Z,3863741,VLLM::Worker_TP,0
2026-08-30T01:00:02Z,3863856,VLLM::Worker_TP,0
2026-08-30T01:00:02Z,3863993,VLLM::Worker_TP,0
2026-08-30T01:00:02Z,3864120,VLLM::Worker_TP,0
2026-08-30T01:00:02Z,3864560,python3,0
2026-08-30T01:00:02Z,3865797,torch_shm_manag,0
2026-08-30T01:00:02Z,3865800,torch_shm_manag,0
2026-08-30T01:00:02Z,3865854,torch_shm_manag,0
2026-08-30T01:00:02Z,3865938,torch_shm_manag,0
2026-08-30T01:00:04Z,3862689,vllm,0
2026-08-30T01:00:04Z,3863565,python3,0
2026-08-30T01:00:04Z,3863566,VLLM::EngineCor,0
2026-08-30T01:00:04Z,3863741,VLLM::Worker_TP,0
2026-08-30T01:00:04Z,3863856,VLLM::Worker_TP,0
2026-08-30T01:00:04Z,3863993,VLLM::Worker_TP,0
2026-08-30T01:00:04Z,3864120,VLLM::Worker_TP,0
2026-08-30T01:00:04Z,3864560,python3,0
2026-08-30T01:00:04Z,3865797,torch_shm_manag,0
2026-08-30T01:00:04Z,3865800,torch_shm_manag,0
2026-08-30T01:00:04Z,3865854,torch_shm_manag,0
2026-08-30T01:00:04Z,3865938,torch_shm_manag,0
2026-08-30T01:00:05Z,3862689,vllm,0
2026-08-30T01:00:05Z,3863565,python3,0
2026-08-30T01:00:05Z,3863566,VLLM::EngineCor,0
2026-08-30T01:00:05Z,3863741,VLLM::Worker_TP,0
2026-08-30T01:00:05Z,3863856,VLLM::Worker_TP,0
2026-08-30T01:00:05Z,3863993,VLLM::Worker_TP,0
2026-08-30T01:00:05Z,3864120,VLLM::Worker_TP,0
2026-08-30T01:00:05Z,3864560,python3,0
2026-08-30T01:00:05Z,3865797,torch_shm_manag,0
2026-08-30T01:00:05Z,3865800,torch_shm_manag,0
2026-08-30T01:00:05Z,3865854,torch_shm_manag,0
2026-08-30T01:00:05Z,3865938,torch_shm_manag,0
2026-08-30T01:00:06Z,3862689,vllm,0
2026-08-30T01:00:06Z,3863565,python3,0
2026-08-30T01:00:06Z,3863566,VLLM::EngineCor,0
2026-08-30T01:00:06Z,3863741,VLLM::Worker_TP,0
2026-08-30T01:00:06Z,3863856,VLLM::Worker_TP,0
2026-08-30T01:00:06Z,3863993,VLLM::Worker_TP,0
2026-08-30T01:00:06Z,3864120,VLLM::Worker_TP,0
2026-08-30T01:00:06Z,3864560,python3,0
2026-08-30T01:00:06Z,3865797,torch_shm_manag,0
2026-08-30T01:00:06Z,3865800,torch_shm_manag,0
2026-08-30T01:00:06Z,3865854,torch_shm_manag,0
2026-08-30T01:00:06Z,3865938,torch_shm_manag,0
2026-08-30T01:00:08Z,3862689,vllm,0
2026-08-30T01:00:08Z,3863565,python3,0
2026-08-30T01:00:08Z,3863566,VLLM::EngineCor,0
2026-08-30T01:00:08Z,3863741,VLLM::Worker_TP,0
2026-08-30T01:00:08Z,3863856,VLLM::Worker_TP,0
2026-08-30T01:00:08Z,3863993,VLLM::Worker_TP,0
2026-08-30T01:00:08Z,3864120,VLLM::Worker_TP,0
2026-08-30T01:00:08Z,3864560,python3,0
2026-08-30T01:00:08Z,3865797,torch_shm_manag,0
2026-08-30T01:00:08Z,3865800,torch_shm_manag,0
2026-08-30T01:00:08Z,3865854,torch_shm_manag,0
2026-08-30T01:00:08Z,3865938,torch_shm_manag,0
2026-08-30T01:00:09Z,3862689,vllm,0
2026-08-30T01:00:09Z,3863565,python3,0
2026-08-30T01:00:09Z,3863566,VLLM::EngineCor,0
2026-08-30T01:00:09Z,3863741,VLLM::Worker_TP,0
2026-08-30T01:00:09Z,3863856,VLLM::Worker_TP,0
2026-08-30T01:00:09Z,3863993,VLLM::Worker_TP,0
2026-08-30T01:00:09Z,3864120,VLLM::Worker_TP,0
2026-08-30T01:00:09Z,3864560,python3,0
2026-08-30T01:00:09Z,3865797,torch_shm_manag,0
2026-08-30T01:00:09Z,3865800,torch_shm_manag,0
2026-08-30T01:00:09Z,3865854,torch_shm_manag,0
2026-08-30T01:00:09Z,3865938,torch_shm_manag,0
2026-08-30T01:00:10Z,3862689,vllm,0
2026-08-30T01:00:10Z,3863565,python3,0
2026-08-30T01:00:10Z,3863566,VLLM::EngineCor,0
2026-08-30T01:00:10Z,3863741,VLLM::Worker_TP,0
2026-08-30T01:00:10Z,3863856,VLLM::Worker_TP,0
2026-08-30T01:00:10Z,3863993,VLLM::Worker_TP,0
2026-08-30T01:00:10Z,3864120,VLLM::Worker_TP,0
2026-08-30T01:00:10Z,3864560,python3,0
2026-08-30T01:00:10Z,3865797,torch_shm_manag,0
2026-08-30T01:00:10Z,3865800,torch_shm_manag,0
2026-08-30T01:00:10Z,3865854,torch_shm_manag,0
2026-08-30T01:00:10Z,3865938,torch_shm_manag,0
2026-08-30T01:00:11Z,3862689,vllm,0
2026-08-30T01:00:11Z,3863565,python3,0
2026-08-30T01:00:11Z,3863566,VLLM::EngineCor,0
2026-08-30T01:00:11Z,3863741,VLLM::Worker_TP,0
2026-08-30T01:00:11Z,3863856,VLLM::Worker_TP,0
2026-08-30T01:00:11Z,3863993,VLLM::Worker_TP,0
2026-08-30T01:00:11Z,3864120,VLLM::Worker_TP,0
2026-08-30T01:00:11Z,3864560,python3,0
2026-08-30T01:00:11Z,3865797,torch_shm_manag,0
2026-08-30T01:00:11Z,3865800,torch_shm_manag,0
2026-08-30T01:00:11Z,3865854,torch_shm_manag,0
2026-08-30T01:00:11Z,3865938,torch_shm_manag,0
2026-08-30T01:00:13Z,3862689,vllm,0
2026-08-30T01:00:13Z,3863565,python3,0
2026-08-30T01:00:13Z,3863566,VLLM::EngineCor,0
2026-08-30T01:00:13Z,3863741,VLLM::Worker_TP,0
2026-08-30T01:00:13Z,3863856,VLLM::Worker_TP,0
2026-08-30T01:00:13Z,3863993,VLLM::Worker_TP,0
2026-08-30T01:00:13Z,3864120,VLLM::Worker_TP,0
2026-08-30T01:00:13Z,3864560,python3,0
2026-08-30T01:00:13Z,3865797,torch_shm_manag,0
2026-08-30T01:00:13Z,3865800,torch_shm_manag,0
2026-08-30T01:00:13Z,3865854,torch_shm_manag,0
2026-08-30T01:00:13Z,3865938,torch_shm_manag,0
2026-08-30T01:00:14Z,3862689,vllm,0
2026-08-30T01:00:14Z,3863565,python3,0
2026-08-30T01:00:14Z,3863566,VLLM::EngineCor,0
2026-08-30T01:00:14Z,3863741,VLLM::Worker_TP,0
2026-08-30T01:00:14Z,3863856,VLLM::Worker_TP,0
2026-08-30T01:00:14Z,3863993,VLLM::Worker_TP,0
2026-08-30T01:00:14Z,3864120,VLLM::Worker_TP,0
2026-08-30T01:00:14Z,3864560,python3,0
2026-08-30T01:00:14Z,3865797,torch_shm_manag,0
2026-08-30T01:00:14Z,3865800,torch_shm_manag,0
2026-08-30T01:00:14Z,3865854,torch_shm_manag,0
2026-08-30T01:00:14Z,3865938,torch_shm_manag,0
2026-08-30T01:00:15Z,3862689,vllm,0
2026-08-30T01:00:15Z,3863565,python3,0
2026-08-30T01:00:15Z,3863566,VLLM::EngineCor,0
2026-08-30T01:00:15Z,3863741,VLLM::Worker_TP,0
2026-08-30T01:00:15Z,3863856,VLLM::Worker_TP,0
2026-08-30T01:00:15Z,3863993,VLLM::Worker_TP,0
2026-08-30T01:00:15Z,3864120,VLLM::Worker_TP,0
2026-08-30T01:00:15Z,3864560,python3,0
2026-08-30T01:00:15Z,3865797,torch_shm_manag,0
2026-08-30T01:00:15Z,3865800,torch_shm_manag,0
2026-08-30T01:00:15Z,3865854,torch_shm_manag,0
2026-08-30T01:00:15Z,3865938,torch_shm_manag,0
2026-08-30T01:00:16Z,3862689,vllm,0
2026-08-30T01:00:16Z,3863565,python3,0
2026-08-30T01:00:16Z,3863566,VLLM::EngineCor,0
2026-08-30T01:00:16Z,3863741,VLLM::Worker_TP,0
2026-08-30T01:00:16Z,3863856,VLLM::Worker_TP,0
2026-08-30T01:00:16Z,3863993,VLLM::Worker_TP,0
2026-08-30T01:00:16Z,3864120,VLLM::Worker_TP,0
2026-08-30T01:00:16Z,3864560,python3,0
2026-08-30T01:00:16Z,3865797,torch_shm_manag,0
2026-08-30T01:00:16Z,3865800,torch_shm_manag,0
2026-08-30T01:00:16Z,3865854,torch_shm_manag,0
2026-08-30T01:00:16Z,3865938,torch_shm_manag,0
2026-08-30T01:00:17Z,3862689,vllm,0
2026-08-30T01:00:17Z,3863565,python3,0
2026-08-30T01:00:17Z,3863566,VLLM::EngineCor,0
2026-08-30T01:00:17Z,3863741,VLLM::Worker_TP,0
2026-08-30T01:00:17Z,3863856,VLLM::Worker_TP,0
2026-08-30T01:00:17Z,3863993,VLLM::Worker_TP,0
2026-08-30T01:00:17Z,3864120,VLLM::Worker_TP,0
2026-08-30T01:00:17Z,3864560,python3,0
2026-08-30T01:00:17Z,3865797,torch_shm_manag,0
2026-08-30T01:00:17Z,3865800,torch_shm_manag,0
2026-08-30T01:00:17Z,3865854,torch_shm_manag,0
2026-08-30T01:00:17Z,3865938,torch_shm_manag,0
2026-08-30T01:00:19Z,3862689,vllm,0
2026-08-30T01:00:19Z,3863565,python3,0
2026-08-30T01:00:19Z,3863566,VLLM::EngineCor,0
2026-08-30T01:00:19Z,3863741,VLLM::Worker_TP,0
2026-08-30T01:00:19Z,3863856,VLLM::Worker_TP,0
2026-08-30T01:00:19Z,3863993,VLLM::Worker_TP,0
2026-08-30T01:00:19Z,3864120,VLLM::Worker_TP,0
2026-08-30T01:00:19Z,3864560,python3,0
2026-08-30T01:00:19Z,3865797,torch_shm_manag,0
2026-08-30T01:00:19Z,3865800,torch_shm_manag,0
2026-08-30T01:00:19Z,3865854,torch_shm_manag,0
2026-08-30T01:00:19Z,3865938,torch_shm_manag,0
2026-08-30T01:00:20Z,3862689,vllm,0
2026-08-30T01:00:20Z,3863565,python3,0
2026-08-30T01:00:20Z,3863566,VLLM::EngineCor,0
2026-08-30T01:00:20Z,3863741,VLLM::Worker_TP,0
2026-08-30T01:00:20Z,3863856,VLLM::Worker_TP,0
2026-08-30T01:00:20Z,3863993,VLLM::Worker_TP,0
2026-08-30T01:00:20Z,3864120,VLLM::Worker_TP,0
2026-08-30T01:00:20Z,3864560,python3,0
2026-08-30T01:00:20Z,3865797,torch_shm_manag,0
2026-08-30T01:00:20Z,3865800,torch_shm_manag,0
2026-08-30T01:00:20Z,3865854,torch_shm_manag,0
2026-08-30T01:00:20Z,3865938,torch_shm_manag,0
2026-08-30T01:00:21Z,3862689,vllm,0
2026-08-30T01:00:21Z,3863565,python3,0
2026-08-30T01:00:21Z,3863566,VLLM::EngineCor,0
2026-08-30T01:00:21Z,3863741,VLLM::Worker_TP,0
2026-08-30T01:00:21Z,3863856,VLLM::Worker_TP,0
2026-08-30T01:00:21Z,3863993,VLLM::Worker_TP,0
2026-08-30T01:00:21Z,3864120,VLLM::Worker_TP,0
2026-08-30T01:00:21Z,3864560,python3,0
2026-08-30T01:00:21Z,3865797,torch_shm_manag,0
2026-08-30T01:00:21Z,3865800,torch_shm_manag,0
2026-08-30T01:00:21Z,3865854,torch_shm_manag,0
2026-08-30T01:00:21Z,3865938,torch_shm_manag,0
2026-08-30T01:00:22Z,3862689,vllm,0
2026-08-30T01:00:22Z,3863565,python3,0
2026-08-30T01:00:22Z,3863566,VLLM::EngineCor,0
2026-08-30T01:00:22Z,3863741,VLLM::Worker_TP,0
2026-08-30T01:00:22Z,3863856,VLLM::Worker_TP,0
2026-08-30T01:00:22Z,3863993,VLLM::Worker_TP,0
2026-08-30T01:00:22Z,3864120,VLLM::Worker_TP,0
2026-08-30T01:00:22Z,3864560,python3,0
2026-08-30T01:00:22Z,3865797,torch_shm_manag,0
2026-08-30T01:00:22Z,3865800,torch_shm_manag,0
2026-08-30T01:00:22Z,3865854,torch_shm_manag,0
2026-08-30T01:00:22Z,3865938,torch_shm_manag,0
2026-08-30T01:00:24Z,3862689,vllm,0
2026-08-30T01:00:24Z,3863565,python3,0
2026-08-30T01:00:24Z,3863566,VLLM::EngineCor,0
2026-08-30T01:00:24Z,3863741,VLLM::Worker_TP,0
2026-08-30T01:00:24Z,3863856,VLLM::Worker_TP,0
2026-08-30T01:00:24Z,3863993,VLLM::Worker_TP,0
2026-08-30T01:00:24Z,3864120,VLLM::Worker_TP,0
2026-08-30T01:00:24Z,3864560,python3,0
2026-08-30T01:00:24Z,3865797,torch_shm_manag,0
2026-08-30T01:00:24Z,3865800,torch_shm_manag,0
2026-08-30T01:00:24Z,3865854,torch_shm_manag,0
2026-08-30T01:00:24Z,3865938,torch_shm_manag,0
2026-08-30T01:00:25Z,3862689,vllm,0
2026-08-30T01:00:25Z,3863565,python3,0
2026-08-30T01:00:25Z,3863566,VLLM::EngineCor,0
2026-08-30T01:00:25Z,3863741,VLLM::Worker_TP,0
2026-08-30T01:00:25Z,3863856,VLLM::Worker_TP,0
2026-08-30T01:00:25Z,3863993,VLLM::Worker_TP,0
2026-08-30T01:00:25Z,3864120,VLLM::Worker_TP,0
2026-08-30T01:00:25Z,3864560,python3,0
2026-08-30T01:00:25Z,3865797,torch_shm_manag,0
2026-08-30T01:00:25Z,3865800,torch_shm_manag,0
2026-08-30T01:00:25Z,3865854,torch_shm_manag,0
2026-08-30T01:00:25Z,3865938,torch_shm_manag,0
2026-08-30T01:00:26Z,3862689,vllm,0
2026-08-30T01:00:26Z,3863565,python3,0
2026-08-30T01:00:26Z,3863566,VLLM::EngineCor,0
2026-08-30T01:00:26Z,3863741,VLLM::Worker_TP,0
2026-08-30T01:00:26Z,3863856,VLLM::Worker_TP,0
2026-08-30T01:00:26Z,3863993,VLLM::Worker_TP,0
2026-08-30T01:00:26Z,3864120,VLLM::Worker_TP,0
2026-08-30T01:00:26Z,3864560,python3,0
2026-08-30T01:00:26Z,3865797,torch_shm_manag,0
2026-08-30T01:00:26Z,3865800,torch_shm_manag,0
2026-08-30T01:00:26Z,3865854,torch_shm_manag,0
2026-08-30T01:00:26Z,3865938,torch_shm_manag,0
2026-08-30T01:00:27Z,3862689,vllm,0
2026-08-30T01:00:27Z,3863565,python3,0
2026-08-30T01:00:27Z,3863566,VLLM::EngineCor,0
2026-08-30T01:00:27Z,3863741,VLLM::Worker_TP,0
2026-08-30T01:00:27Z,3863856,VLLM::Worker_TP,0
2026-08-30T01:00:27Z,3863993,VLLM::Worker_TP,0
2026-08-30T01:00:27Z,3864120,VLLM::Worker_TP,0
2026-08-30T01:00:27Z,3864560,python3,0
2026-08-30T01:00:27Z,3865797,torch_shm_manag,0
2026-08-30T01:00:27Z,3865800,torch_shm_manag,0
2026-08-30T01:00:27Z,3865854,torch_shm_manag,0
2026-08-30T01:00:27Z,3865938,torch_shm_manag,0
2026-08-30T01:00:29Z,3862689,vllm,0
2026-08-30T01:00:29Z,3863565,python3,0
2026-08-30T01:00:29Z,3863566,VLLM::EngineCor,0
2026-08-30T01:00:29Z,3863741,VLLM::Worker_TP,0
2026-08-30T01:00:29Z,3863856,VLLM::Worker_TP,0
2026-08-30T01:00:29Z,3863993,VLLM::Worker_TP,0
2026-08-30T01:00:29Z,3864120,VLLM::Worker_TP,0
2026-08-30T01:00:29Z,3864560,python3,0
2026-08-30T01:00:29Z,3865797,torch_shm_manag,0
2026-08-30T01:00:29Z,3865800,torch_shm_manag,0
2026-08-30T01:00:29Z,3865854,torch_shm_manag,0
2026-08-30T01:00:29Z,3865938,torch_shm_manag,0
2026-08-30T01:00:30Z,3862689,vllm,0
2026-08-30T01:00:30Z,3863565,python3,0
2026-08-30T01:00:30Z,3863566,VLLM::EngineCor,0
2026-08-30T01:00:30Z,3863741,VLLM::Worker_TP,0
2026-08-30T01:00:30Z,3863856,VLLM::Worker_TP,0
2026-08-30T01:00:30Z,3863993,VLLM::Worker_TP,0
2026-08-30T01:00:30Z,3864120,VLLM::Worker_TP,0
2026-08-30T01:00:30Z,3864560,python3,0
2026-08-30T01:00:30Z,3865797,torch_shm_manag,0
2026-08-30T01:00:30Z,3865800,torch_shm_manag,0
2026-08-30T01:00:30Z,3865854,torch_shm_manag,0
2026-08-30T01:00:30Z,3865938,torch_shm_manag,0
2026-08-30T01:00:31Z,3862689,vllm,0
2026-08-30T01:00:31Z,3863565,python3,0
2026-08-30T01:00:31Z,3863566,VLLM::EngineCor,0
2026-08-30T01:00:31Z,3863741,VLLM::Worker_TP,0
2026-08-30T01:00:31Z,3863856,VLLM::Worker_TP,0
2026-08-30T01:00:31Z,3863993,VLLM::Worker_TP,0
2026-08-30T01:00:31Z,3864120,VLLM::Worker_TP,0
2026-08-30T01:00:31Z,3864560,python3,0
2026-08-30T01:00:31Z,3865797,torch_shm_manag,0
2026-08-30T01:00:31Z,3865800,torch_shm_manag,0
2026-08-30T01:00:31Z,3865854,torch_shm_manag,0
2026-08-30T01:00:31Z,3865938,torch_shm_manag,0
2026-08-30T01:00:32Z,3862689,vllm,0
2026-08-30T01:00:32Z,3863565,python3,0
2026-08-30T01:00:32Z,3863566,VLLM::EngineCor,0
2026-08-30T01:00:32Z,3863741,VLLM::Worker_TP,0
2026-08-30T01:00:32Z,3863856,VLLM::Worker_TP,0
2026-08-30T01:00:32Z,3863993,VLLM::Worker_TP,0
2026-08-30T01:00:32Z,3864120,VLLM::Worker_TP,0
2026-08-30T01:00:32Z,3864560,python3,0
2026-08-30T01:00:32Z,3865797,torch_shm_manag,0
2026-08-30T01:00:32Z,3865800,torch_shm_manag,0
2026-08-30T01:00:32Z,3865854,torch_shm_manag,0
2026-08-30T01:00:32Z,3865938,torch_shm_manag,0
2026-08-30T01:00:34Z,3862689,vllm,0
2026-08-30T01:00:34Z,3863565,python3,0
2026-08-30T01:00:34Z,3863566,VLLM::EngineCor,0
2026-08-30T01:00:34Z,3863741,VLLM::Worker_TP,0
2026-08-30T01:00:34Z,3863856,VLLM::Worker_TP,0
2026-08-30T01:00:34Z,3863993,VLLM::Worker_TP,0
2026-08-30T01:00:34Z,3864120,VLLM::Worker_TP,0
2026-08-30T01:00:34Z,3864560,python3,0
2026-08-30T01:00:34Z,3865797,torch_shm_manag,0
2026-08-30T01:00:34Z,3865800,torch_shm_manag,0
2026-08-30T01:00:34Z,3865854,torch_shm_manag,0
2026-08-30T01:00:34Z,3865938,torch_shm_manag,0
2026-08-30T01:00:35Z,3862689,vllm,0
2026-08-30T01:00:35Z,3863565,python3,0
2026-08-30T01:00:35Z,3863566,VLLM::EngineCor,0
2026-08-30T01:00:35Z,3863741,VLLM::Worker_TP,0
2026-08-30T01:00:35Z,3863856,VLLM::Worker_TP,0
2026-08-30T01:00:35Z,3863993,VLLM::Worker_TP,0
2026-08-30T01:00:35Z,3864120,VLLM::Worker_TP,0
2026-08-30T01:00:35Z,3864560,python3,0
2026-08-30T01:00:35Z,3865797,torch_shm_manag,0
2026-08-30T01:00:35Z,3865800,torch_shm_manag,0
2026-08-30T01:00:35Z,3865854,torch_shm_manag,0
2026-08-30T01:00:35Z,3865938,torch_shm_manag,0
2026-08-30T01:00:36Z,3862689,vllm,0
2026-08-30T01:00:36Z,3863565,python3,0
2026-08-30T01:00:36Z,3863566,VLLM::EngineCor,0
2026-08-30T01:00:36Z,3863741,VLLM::Worker_TP,0
2026-08-30T01:00:36Z,3863856,VLLM::Worker_TP,0
2026-08-30T01:00:36Z,3863993,VLLM::Worker_TP,0
2026-08-30T01:00:36Z,3864120,VLLM::Worker_TP,0
2026-08-30T01:00:36Z,3864560,python3,0
2026-08-30T01:00:36Z,3865797,torch_shm_manag,0
2026-08-30T01:00:36Z,3865800,torch_shm_manag,0
2026-08-30T01:00:36Z,3865854,torch_shm_manag,0
2026-08-30T01:00:36Z,3865938,torch_shm_manag,0
2026-08-30T01:00:37Z,3862689,vllm,0
2026-08-30T01:00:37Z,3863565,python3,0
2026-08-30T01:00:37Z,3863566,VLLM::EngineCor,0
2026-08-30T01:00:37Z,3863741,VLLM::Worker_TP,0
2026-08-30T01:00:37Z,3863856,VLLM::Worker_TP,0
2026-08-30T01:00:37Z,3863993,VLLM::Worker_TP,0
2026-08-30T01:00:37Z,3864120,VLLM::Worker_TP,0
2026-08-30T01:00:37Z,3864560,python3,0
2026-08-30T01:00:37Z,3865797,torch_shm_manag,0
2026-08-30T01:00:37Z,3865800,torch_shm_manag,0
2026-08-30T01:00:37Z,3865854,torch_shm_manag,0
2026-08-30T01:00:37Z,3865938,torch_shm_manag,0
2026-08-30T01:00:39Z,3862689,vllm,0
2026-08-30T01:00:39Z,3863565,python3,0
2026-08-30T01:00:39Z,3863566,VLLM::EngineCor,0
2026-08-30T01:00:39Z,3863741,VLLM::Worker_TP,0
2026-08-30T01:00:39Z,3863856,VLLM::Worker_TP,0
2026-08-30T01:00:39Z,3863993,VLLM::Worker_TP,0
2026-08-30T01:00:39Z,3864120,VLLM::Worker_TP,0
2026-08-30T01:00:39Z,3864560,python3,0
2026-08-30T01:00:39Z,3865797,torch_shm_manag,0
2026-08-30T01:00:39Z,3865800,torch_shm_manag,0
2026-08-30T01:00:39Z,3865854,torch_shm_manag,0
2026-08-30T01:00:39Z,3865938,torch_shm_manag,0
2026-08-30T01:00:40Z,3862689,vllm,0
2026-08-30T01:00:40Z,3863565,python3,0
2026-08-30T01:00:40Z,3863566,VLLM::EngineCor,0
2026-08-30T01:00:40Z,3863741,VLLM::Worker_TP,0
2026-08-30T01:00:40Z,3863856,VLLM::Worker_TP,0
2026-08-30T01:00:40Z,3863993,VLLM::Worker_TP,0
2026-08-30T01:00:40Z,3864120,VLLM::Worker_TP,0
2026-08-30T01:00:40Z,3864560,python3,0
2026-08-30T01:00:40Z,3865797,torch_shm_manag,0
2026-08-30T01:00:40Z,3865800,torch_shm_manag,0
2026-08-30T01:00:40Z,3865854,torch_shm_manag,0
2026-08-30T01:00:40Z,3865938,torch_shm_manag,0
2026-08-30T01:00:41Z,3862689,vllm,0
2026-08-30T01:00:41Z,3863565,python3,0
2026-08-30T01:00:41Z,3863566,VLLM::EngineCor,0
2026-08-30T01:00:41Z,3863741,VLLM::Worker_TP,0
2026-08-30T01:00:41Z,3863856,VLLM::Worker_TP,0
2026-08-30T01:00:41Z,3863993,VLLM::Worker_TP,0
2026-08-30T01:00:41Z,3864120,VLLM::Worker_TP,0
2026-08-30T01:00:41Z,3864560,python3,0
2026-08-30T01:00:41Z,3865797,torch_shm_manag,0
2026-08-30T01:00:41Z,3865800,torch_shm_manag,0
2026-08-30T01:00:41Z,3865854,torch_shm_manag,0
2026-08-30T01:00:41Z,3865938,torch_shm_manag,0
2026-08-30T01:00:42Z,3862689,vllm,0
2026-08-30T01:00:42Z,3863565,python3,0
2026-08-30T01:00:42Z,3863566,VLLM::EngineCor,0
2026-08-30T01:00:42Z,3863741,VLLM::Worker_TP,0
2026-08-30T01:00:42Z,3863856,VLLM::Worker_TP,0
2026-08-30T01:00:42Z,3863993,VLLM::Worker_TP,0
2026-08-30T01:00:42Z,3864120,VLLM::Worker_TP,0
2026-08-30T01:00:42Z,3864560,python3,0
2026-08-30T01:00:42Z,3865797,torch_shm_manag,0
2026-08-30T01:00:42Z,3865800,torch_shm_manag,0
2026-08-30T01:00:42Z,3865854,torch_shm_manag,0
2026-08-30T01:00:42Z,3865938,torch_shm_manag,0
2026-08-30T01:00:44Z,3862689,vllm,0
2026-08-30T01:00:44Z,3863565,python3,0
2026-08-30T01:00:44Z,3863566,VLLM::EngineCor,0
2026-08-30T01:00:44Z,3863741,VLLM::Worker_TP,0
2026-08-30T01:00:44Z,3863856,VLLM::Worker_TP,0
2026-08-30T01:00:44Z,3863993,VLLM::Worker_TP,0
2026-08-30T01:00:44Z,3864120,VLLM::Worker_TP,0
2026-08-30T01:00:44Z,3864560,python3,0
2026-08-30T01:00:44Z,3865797,torch_shm_manag,0
2026-08-30T01:00:44Z,3865800,torch_shm_manag,0
2026-08-30T01:00:44Z,3865854,torch_shm_manag,0
2026-08-30T01:00:44Z,3865938,torch_shm_manag,0
2026-08-30T01:00:45Z,3862689,vllm,0
2026-08-30T01:00:45Z,3863565,python3,0
2026-08-30T01:00:45Z,3863566,VLLM::EngineCor,0
2026-08-30T01:00:45Z,3863741,VLLM::Worker_TP,0
2026-08-30T01:00:45Z,3863856,VLLM::Worker_TP,0
2026-08-30T01:00:45Z,3863993,VLLM::Worker_TP,0
2026-08-30T01:00:45Z,3864120,VLLM::Worker_TP,0
2026-08-30T01:00:45Z,3864560,python3,0
2026-08-30T01:00:45Z,3865797,torch_shm_manag,0
2026-08-30T01:00:45Z,3865800,torch_shm_manag,0
2026-08-30T01:00:45Z,3865854,torch_shm_manag,0
2026-08-30T01:00:45Z,3865938,torch_shm_manag,0
2026-08-30T01:00:46Z,3862689,vllm,0
2026-08-30T01:00:46Z,3863565,python3,0
2026-08-30T01:00:46Z,3863566,VLLM::EngineCor,0
2026-08-30T01:00:46Z,3863741,VLLM::Worker_TP,0
2026-08-30T01:00:46Z,3863856,VLLM::Worker_TP,0
2026-08-30T01:00:46Z,3863993,VLLM::Worker_TP,0
2026-08-30T01:00:46Z,3864120,VLLM::Worker_TP,0
2026-08-30T01:00:46Z,3864560,python3,0
2026-08-30T01:00:46Z,3865797,torch_shm_manag,0
2026-08-30T01:00:46Z,3865800,torch_shm_manag,0
2026-08-30T01:00:46Z,3865854,torch_shm_manag,0
2026-08-30T01:00:46Z,3865938,torch_shm_manag,0
2026-08-30T01:00:47Z,3862689,vllm,0
2026-08-30T01:00:47Z,3863565,python3,0
2026-08-30T01:00:47Z,3863566,VLLM::EngineCor,0
2026-08-30T01:00:47Z,3863741,VLLM::Worker_TP,0
2026-08-30T01:00:47Z,3863856,VLLM::Worker_TP,0
2026-08-30T01:00:47Z,3863993,VLLM::Worker_TP,0
2026-08-30T01:00:47Z,3864120,VLLM::Worker_TP,0
2026-08-30T01:00:47Z,3864560,python3,0
2026-08-30T01:00:47Z,3865797,torch_shm_manag,0
2026-08-30T01:00:47Z,3865800,torch_shm_manag,0
2026-08-30T01:00:47Z,3865854,torch_shm_manag,0
2026-08-30T01:00:47Z,3865938,torch_shm_manag,0
2026-08-30T01:00:49Z,3862689,vllm,0
2026-08-30T01:00:49Z,3863565,python3,0
2026-08-30T01:00:49Z,3863566,VLLM::EngineCor,0
2026-08-30T01:00:49Z,3863741,VLLM::Worker_TP,0
2026-08-30T01:00:49Z,3863856,VLLM::Worker_TP,0
2026-08-30T01:00:49Z,3863993,VLLM::Worker_TP,0
2026-08-30T01:00:49Z,3864120,VLLM::Worker_TP,0
2026-08-30T01:00:49Z,3864560,python3,0
2026-08-30T01:00:49Z,3865797,torch_shm_manag,0
2026-08-30T01:00:49Z,3865800,torch_shm_manag,0
2026-08-30T01:00:49Z,3865854,torch_shm_manag,0
2026-08-30T01:00:49Z,3865938,torch_shm_manag,0
2026-08-30T01:00:50Z,3862689,vllm,0
2026-08-30T01:00:50Z,3863565,python3,0
2026-08-30T01:00:50Z,3863566,VLLM::EngineCor,0
2026-08-30T01:00:50Z,3863741,VLLM::Worker_TP,0
2026-08-30T01:00:50Z,3863856,VLLM::Worker_TP,0
2026-08-30T01:00:50Z,3863993,VLLM::Worker_TP,0
2026-08-30T01:00:50Z,3864120,VLLM::Worker_TP,0
2026-08-30T01:00:50Z,3864560,python3,0
2026-08-30T01:00:50Z,3865797,torch_shm_manag,0
2026-08-30T01:00:50Z,3865800,torch_shm_manag,0
2026-08-30T01:00:50Z,3865854,torch_shm_manag,0
2026-08-30T01:00:50Z,3865938,torch_shm_manag,0
2026-08-30T01:00:51Z,3862689,vllm,0
2026-08-30T01:00:51Z,3863565,python3,0
2026-08-30T01:00:51Z,3863566,VLLM::EngineCor,0
2026-08-30T01:00:51Z,3863741,VLLM::Worker_TP,0
2026-08-30T01:00:51Z,3863856,VLLM::Worker_TP,0
2026-08-30T01:00:51Z,3863993,VLLM::Worker_TP,0
2026-08-30T01:00:51Z,3864120,VLLM::Worker_TP,0
2026-08-30T01:00:51Z,3864560,python3,0
2026-08-30T01:00:51Z,3865797,torch_shm_manag,0
2026-08-30T01:00:51Z,3865800,torch_shm_manag,0
2026-08-30T01:00:51Z,3865854,torch_shm_manag,0
2026-08-30T01:00:51Z,3865938,torch_shm_manag,0
2026-08-30T01:00:52Z,3862689,vllm,0
2026-08-30T01:00:52Z,3863565,python3,0
2026-08-30T01:00:52Z,3863566,VLLM::EngineCor,0
2026-08-30T01:00:52Z,3863741,VLLM::Worker_TP,0
2026-08-30T01:00:52Z,3863856,VLLM::Worker_TP,0
2026-08-30T01:00:52Z,3863993,VLLM::Worker_TP,0
2026-08-30T01:00:52Z,3864120,VLLM::Worker_TP,0
2026-08-30T01:00:52Z,3864560,python3,0
2026-08-30T01:00:52Z,3865797,torch_shm_manag,0
2026-08-30T01:00:52Z,3865800,torch_shm_manag,0
2026-08-30T01:00:52Z,3865854,torch_shm_manag,0
2026-08-30T01:00:52Z,3865938,torch_shm_manag,0
2026-08-30T01:00:54Z,3862689,vllm,0
2026-08-30T01:00:54Z,3863565,python3,0
2026-08-30T01:00:54Z,3863566,VLLM::EngineCor,0
2026-08-30T01:00:54Z,3863741,VLLM::Worker_TP,0
2026-08-30T01:00:54Z,3863856,VLLM::Worker_TP,0
2026-08-30T01:00:54Z,3863993,VLLM::Worker_TP,0
2026-08-30T01:00:54Z,3864120,VLLM::Worker_TP,0
2026-08-30T01:00:54Z,3864560,python3,0
2026-08-30T01:00:54Z,3865797,torch_shm_manag,0
2026-08-30T01:00:54Z,3865800,torch_shm_manag,0
2026-08-30T01:00:54Z,3865854,torch_shm_manag,0
2026-08-30T01:00:54Z,3865938,torch_shm_manag,0
2026-08-30T01:00:55Z,3862689,vllm,0
2026-08-30T01:00:55Z,3863565,python3,0
2026-08-30T01:00:55Z,3863566,VLLM::EngineCor,0
2026-08-30T01:00:55Z,3863741,VLLM::Worker_TP,0
2026-08-30T01:00:55Z,3863856,VLLM::Worker_TP,0
2026-08-30T01:00:55Z,3863993,VLLM::Worker_TP,0
2026-08-30T01:00:55Z,3864120,VLLM::Worker_TP,0
2026-08-30T01:00:55Z,3864560,python3,0
2026-08-30T01:00:55Z,3865797,torch_shm_manag,0
2026-08-30T01:00:55Z,3865800,torch_shm_manag,0
2026-08-30T01:00:55Z,3865854,torch_shm_manag,0
2026-08-30T01:00:55Z,3865938,torch_shm_manag,0
2026-08-30T01:00:56Z,3862689,vllm,0
2026-08-30T01:00:56Z,3863565,python3,0
2026-08-30T01:00:56Z,3863566,VLLM::EngineCor,0
2026-08-30T01:00:56Z,3863741,VLLM::Worker_TP,0
2026-08-30T01:00:56Z,3863856,VLLM::Worker_TP,0
2026-08-30T01:00:56Z,3863993,VLLM::Worker_TP,0
2026-08-30T01:00:56Z,3864120,VLLM::Worker_TP,0
2026-08-30T01:00:56Z,3864560,python3,0
2026-08-30T01:00:56Z,3865797,torch_shm_manag,0
2026-08-30T01:00:56Z,3865800,torch_shm_manag,0
2026-08-30T01:00:56Z,3865854,torch_shm_manag,0
2026-08-30T01:00:56Z,3865938,torch_shm_manag,0
2026-08-30T01:00:57Z,3862689,vllm,0
2026-08-30T01:00:57Z,3863565,python3,0
2026-08-30T01:00:57Z,3863566,VLLM::EngineCor,0
2026-08-30T01:00:57Z,3863741,VLLM::Worker_TP,0
2026-08-30T01:00:57Z,3863856,VLLM::Worker_TP,0
2026-08-30T01:00:57Z,3863993,VLLM::Worker_TP,0
2026-08-30T01:00:57Z,3864120,VLLM::Worker_TP,0
2026-08-30T01:00:57Z,3864560,python3,0
2026-08-30T01:00:57Z,3865797,torch_shm_manag,0
2026-08-30T01:00:57Z,3865800,torch_shm_manag,0
2026-08-30T01:00:57Z,3865854,torch_shm_manag,0
2026-08-30T01:00:57Z,3865938,torch_shm_manag,0
2026-08-30T01:00:59Z,3862689,vllm,0
2026-08-30T01:00:59Z,3863565,python3,0
2026-08-30T01:00:59Z,3863566,VLLM::EngineCor,0
2026-08-30T01:00:59Z,3863741,VLLM::Worker_TP,0
2026-08-30T01:00:59Z,3863856,VLLM::Worker_TP,0
2026-08-30T01:00:59Z,3863993,VLLM::Worker_TP,0
2026-08-30T01:00:59Z,3864120,VLLM::Worker_TP,0
2026-08-30T01:00:59Z,3864560,python3,0
2026-08-30T01:00:59Z,3865797,torch_shm_manag,0
2026-08-30T01:00:59Z,3865800,torch_shm_manag,0
2026-08-30T01:00:59Z,3865854,torch_shm_manag,0
2026-08-30T01:00:59Z,3865938,torch_shm_manag,0
2026-08-30T01:01:00Z,3862689,vllm,0
2026-08-30T01:01:00Z,3863565,python3,0
2026-08-30T01:01:00Z,3863566,VLLM::EngineCor,0
2026-08-30T01:01:00Z,3863741,VLLM::Worker_TP,0
2026-08-30T01:01:00Z,3863856,VLLM::Worker_TP,0
2026-08-30T01:01:00Z,3863993,VLLM::Worker_TP,0
2026-08-30T01:01:00Z,3864120,VLLM::Worker_TP,0
2026-08-30T01:01:00Z,3864560,python3,0
2026-08-30T01:01:00Z,3865797,torch_shm_manag,0
2026-08-30T01:01:00Z,3865800,torch_shm_manag,0
2026-08-30T01:01:00Z,3865854,torch_shm_manag,0
2026-08-30T01:01:00Z,3865938,torch_shm_manag,0
2026-08-30T01:01:01Z,3862689,vllm,0
2026-08-30T01:01:01Z,3863565,python3,0
2026-08-30T01:01:01Z,3863566,VLLM::EngineCor,0
2026-08-30T01:01:01Z,3863741,VLLM::Worker_TP,0
2026-08-30T01:01:01Z,3863856,VLLM::Worker_TP,0
2026-08-30T01:01:01Z,3863993,VLLM::Worker_TP,0
2026-08-30T01:01:01Z,3864120,VLLM::Worker_TP,0
2026-08-30T01:01:01Z,3864560,python3,0
2026-08-30T01:01:01Z,3865797,torch_shm_manag,0
2026-08-30T01:01:01Z,3865800,torch_shm_manag,0
2026-08-30T01:01:01Z,3865854,torch_shm_manag,0
2026-08-30T01:01:01Z,3865938,torch_shm_manag,0
2026-08-30T01:01:02Z,3862689,vllm,0
2026-08-30T01:01:02Z,3863565,python3,0
2026-08-30T01:01:02Z,3863566,VLLM::EngineCor,0
2026-08-30T01:01:02Z,3863741,VLLM::Worker_TP,0
2026-08-30T01:01:02Z,3863856,VLLM::Worker_TP,0
2026-08-30T01:01:02Z,3863993,VLLM::Worker_TP,0
2026-08-30T01:01:02Z,3864120,VLLM::Worker_TP,0
2026-08-30T01:01:02Z,3864560,python3,0
2026-08-30T01:01:02Z,3865797,torch_shm_manag,0
2026-08-30T01:01:02Z,3865800,torch_shm_manag,0
2026-08-30T01:01:02Z,3865854,torch_shm_manag,0
2026-08-30T01:01:02Z,3865938,torch_shm_manag,0
2026-08-30T01:01:04Z,3862689,vllm,0
2026-08-30T01:01:04Z,3863565,python3,0
2026-08-30T01:01:04Z,3863566,VLLM::EngineCor,0
2026-08-30T01:01:04Z,3863741,VLLM::Worker_TP,0
2026-08-30T01:01:04Z,3863856,VLLM::Worker_TP,0
2026-08-30T01:01:04Z,3863993,VLLM::Worker_TP,0
2026-08-30T01:01:04Z,3864120,VLLM::Worker_TP,0
2026-08-30T01:01:04Z,3864560,python3,0
2026-08-30T01:01:04Z,3865797,torch_shm_manag,0
2026-08-30T01:01:04Z,3865800,torch_shm_manag,0
2026-08-30T01:01:04Z,3865854,torch_shm_manag,0
2026-08-30T01:01:04Z,3865938,torch_shm_manag,0
2026-08-30T01:01:05Z,3862689,vllm,0
2026-08-30T01:01:05Z,3863565,python3,0
2026-08-30T01:01:05Z,3863566,VLLM::EngineCor,0
2026-08-30T01:01:05Z,3863741,VLLM::Worker_TP,0
2026-08-30T01:01:05Z,3863856,VLLM::Worker_TP,0
2026-08-30T01:01:05Z,3863993,VLLM::Worker_TP,0
2026-08-30T01:01:05Z,3864120,VLLM::Worker_TP,0
2026-08-30T01:01:05Z,3864560,python3,0
2026-08-30T01:01:05Z,3865797,torch_shm_manag,0
2026-08-30T01:01:05Z,3865800,torch_shm_manag,0
2026-08-30T01:01:05Z,3865854,torch_shm_manag,0
2026-08-30T01:01:05Z,3865938,torch_shm_manag,0
2026-08-30T01:01:06Z,3862689,vllm,0
2026-08-30T01:01:06Z,3863565,python3,0
2026-08-30T01:01:06Z,3863566,VLLM::EngineCor,0
2026-08-30T01:01:06Z,3863741,VLLM::Worker_TP,0
2026-08-30T01:01:06Z,3863856,VLLM::Worker_TP,0
2026-08-30T01:01:06Z,3863993,VLLM::Worker_TP,0
2026-08-30T01:01:06Z,3864120,VLLM::Worker_TP,0
2026-08-30T01:01:06Z,3864560,python3,0
2026-08-30T01:01:06Z,3865797,torch_shm_manag,0
2026-08-30T01:01:06Z,3865800,torch_shm_manag,0
2026-08-30T01:01:06Z,3865854,torch_shm_manag,0
2026-08-30T01:01:06Z,3865938,torch_shm_manag,0
2026-08-30T01:01:07Z,3862689,vllm,0
2026-08-30T01:01:07Z,3863565,python3,0
2026-08-30T01:01:07Z,3863566,VLLM::EngineCor,0
2026-08-30T01:01:07Z,3863741,VLLM::Worker_TP,0
2026-08-30T01:01:07Z,3863856,VLLM::Worker_TP,0
2026-08-30T01:01:07Z,3863993,VLLM::Worker_TP,0
2026-08-30T01:01:07Z,3864120,VLLM::Worker_TP,0
2026-08-30T01:01:07Z,3864560,python3,0
2026-08-30T01:01:07Z,3865797,torch_shm_manag,0
2026-08-30T01:01:07Z,3865800,torch_shm_manag,0
2026-08-30T01:01:07Z,3865854,torch_shm_manag,0
2026-08-30T01:01:07Z,3865938,torch_shm_manag,0
2026-08-30T01:01:09Z,3862689,vllm,0
2026-08-30T01:01:09Z,3863565,python3,0
2026-08-30T01:01:09Z,3863566,VLLM::EngineCor,0
2026-08-30T01:01:09Z,3863741,VLLM::Worker_TP,0
2026-08-30T01:01:09Z,3863856,VLLM::Worker_TP,0
2026-08-30T01:01:09Z,3863993,VLLM::Worker_TP,0
2026-08-30T01:01:09Z,3864120,VLLM::Worker_TP,0
2026-08-30T01:01:09Z,3864560,python3,0
2026-08-30T01:01:09Z,3865797,torch_shm_manag,0
2026-08-30T01:01:09Z,3865800,torch_shm_manag,0
2026-08-30T01:01:09Z,3865854,torch_shm_manag,0
2026-08-30T01:01:09Z,3865938,torch_shm_manag,0
2026-08-30T01:01:10Z,3862689,vllm,0
2026-08-30T01:01:10Z,3863565,python3,0
2026-08-30T01:01:10Z,3863566,VLLM::EngineCor,0
2026-08-30T01:01:10Z,3863741,VLLM::Worker_TP,0
2026-08-30T01:01:10Z,3863856,VLLM::Worker_TP,0
2026-08-30T01:01:10Z,3863993,VLLM::Worker_TP,0
2026-08-30T01:01:10Z,3864120,VLLM::Worker_TP,0
2026-08-30T01:01:10Z,3864560,python3,0
2026-08-30T01:01:10Z,3865797,torch_shm_manag,0
2026-08-30T01:01:10Z,3865800,torch_shm_manag,0
2026-08-30T01:01:10Z,3865854,torch_shm_manag,0
2026-08-30T01:01:10Z,3865938,torch_shm_manag,0
2026-08-30T01:01:11Z,3862689,vllm,0
2026-08-30T01:01:11Z,3863565,python3,0
2026-08-30T01:01:11Z,3863566,VLLM::EngineCor,0
2026-08-30T01:01:11Z,3863741,VLLM::Worker_TP,0
2026-08-30T01:01:11Z,3863856,VLLM::Worker_TP,0
2026-08-30T01:01:11Z,3863993,VLLM::Worker_TP,0
2026-08-30T01:01:11Z,3864120,VLLM::Worker_TP,0
2026-08-30T01:01:11Z,3864560,python3,0
2026-08-30T01:01:11Z,3865797,torch_shm_manag,0
2026-08-30T01:01:11Z,3865800,torch_shm_manag,0
2026-08-30T01:01:11Z,3865854,torch_shm_manag,0
2026-08-30T01:01:11Z,3865938,torch_shm_manag,0
2026-08-30T01:01:12Z,3862689,vllm,0
2026-08-30T01:01:12Z,3863565,python3,0
2026-08-30T01:01:12Z,3863566,VLLM::EngineCor,0
2026-08-30T01:01:12Z,3863741,VLLM::Worker_TP,0
2026-08-30T01:01:12Z,3863856,VLLM::Worker_TP,0
2026-08-30T01:01:12Z,3863993,VLLM::Worker_TP,0
2026-08-30T01:01:12Z,3864120,VLLM::Worker_TP,0
2026-08-30T01:01:12Z,3864560,python3,0
2026-08-30T01:01:12Z,3865797,torch_shm_manag,0
2026-08-30T01:01:12Z,3865800,torch_shm_manag,0
2026-08-30T01:01:12Z,3865854,torch_shm_manag,0
2026-08-30T01:01:12Z,3865938,torch_shm_manag,0
2026-08-30T01:01:14Z,3862689,vllm,0
2026-08-30T01:01:14Z,3863565,python3,0
2026-08-30T01:01:14Z,3863566,VLLM::EngineCor,0
2026-08-30T01:01:14Z,3863741,VLLM::Worker_TP,0
2026-08-30T01:01:14Z,3863856,VLLM::Worker_TP,0
2026-08-30T01:01:14Z,3863993,VLLM::Worker_TP,0
2026-08-30T01:01:14Z,3864120,VLLM::Worker_TP,0
2026-08-30T01:01:14Z,3864560,python3,0
2026-08-30T01:01:14Z,3865797,torch_shm_manag,0
2026-08-30T01:01:14Z,3865800,torch_shm_manag,0
2026-08-30T01:01:14Z,3865854,torch_shm_manag,0
2026-08-30T01:01:14Z,3865938,torch_shm_manag,0
2026-08-30T01:01:15Z,3862689,vllm,0
2026-08-30T01:01:15Z,3863565,python3,0
2026-08-30T01:01:15Z,3863566,VLLM::EngineCor,0
2026-08-30T01:01:15Z,3863741,VLLM::Worker_TP,0
2026-08-30T01:01:15Z,3863856,VLLM::Worker_TP,0
2026-08-30T01:01:15Z,3863993,VLLM::Worker_TP,0
2026-08-30T01:01:15Z,3864120,VLLM::Worker_TP,0
2026-08-30T01:01:15Z,3864560,python3,0
2026-08-30T01:01:15Z,3865797,torch_shm_manag,0
2026-08-30T01:01:15Z,3865800,torch_shm_manag,0
2026-08-30T01:01:15Z,3865854,torch_shm_manag,0
2026-08-30T01:01:15Z,3865938,torch_shm_manag,0
2026-08-30T01:01:16Z,3862689,vllm,0
2026-08-30T01:01:16Z,3863565,python3,0
2026-08-30T01:01:16Z,3863566,VLLM::EngineCor,0
2026-08-30T01:01:16Z,3863741,VLLM::Worker_TP,0
2026-08-30T01:01:16Z,3863856,VLLM::Worker_TP,0
2026-08-30T01:01:16Z,3863993,VLLM::Worker_TP,0
2026-08-30T01:01:16Z,3864120,VLLM::Worker_TP,0
2026-08-30T01:01:16Z,3864560,python3,0
2026-08-30T01:01:16Z,3865797,torch_shm_manag,0
2026-08-30T01:01:16Z,3865800,torch_shm_manag,0
2026-08-30T01:01:16Z,3865854,torch_shm_manag,0
2026-08-30T01:01:16Z,3865938,torch_shm_manag,0
2026-08-30T01:01:17Z,3862689,vllm,0
2026-08-30T01:01:17Z,3863565,python3,0
2026-08-30T01:01:17Z,3863566,VLLM::EngineCor,0
2026-08-30T01:01:17Z,3863741,VLLM::Worker_TP,0
2026-08-30T01:01:17Z,3863856,VLLM::Worker_TP,0
2026-08-30T01:01:17Z,3863993,VLLM::Worker_TP,0
2026-08-30T01:01:17Z,3864120,VLLM::Worker_TP,0
2026-08-30T01:01:17Z,3864560,python3,0
2026-08-30T01:01:17Z,3865797,torch_shm_manag,0
2026-08-30T01:01:17Z,3865800,torch_shm_manag,0
2026-08-30T01:01:17Z,3865854,torch_shm_manag,0
2026-08-30T01:01:17Z,3865938,torch_shm_manag,0
2026-08-30T01:01:19Z,3862689,vllm,0
2026-08-30T01:01:19Z,3863565,python3,0
2026-08-30T01:01:19Z,3863566,VLLM::EngineCor,0
2026-08-30T01:01:19Z,3863741,VLLM::Worker_TP,0
2026-08-30T01:01:19Z,3863856,VLLM::Worker_TP,0
2026-08-30T01:01:19Z,3863993,VLLM::Worker_TP,0
2026-08-30T01:01:19Z,3864120,VLLM::Worker_TP,0
2026-08-30T01:01:19Z,3864560,python3,0
2026-08-30T01:01:19Z,3865797,torch_shm_manag,0
2026-08-30T01:01:19Z,3865800,torch_shm_manag,0
2026-08-30T01:01:19Z,3865854,torch_shm_manag,0
2026-08-30T01:01:19Z,3865938,torch_shm_manag,0
2026-08-30T01:01:20Z,3862689,vllm,0
2026-08-30T01:01:20Z,3863565,python3,0
2026-08-30T01:01:20Z,3863566,VLLM::EngineCor,0
2026-08-30T01:01:20Z,3863741,VLLM::Worker_TP,0
2026-08-30T01:01:20Z,3863856,VLLM::Worker_TP,0
2026-08-30T01:01:20Z,3863993,VLLM::Worker_TP,0
2026-08-30T01:01:20Z,3864120,VLLM::Worker_TP,0
2026-08-30T01:01:20Z,3864560,python3,0
2026-08-30T01:01:20Z,3865797,torch_shm_manag,0
2026-08-30T01:01:20Z,3865800,torch_shm_manag,0
2026-08-30T01:01:20Z,3865854,torch_shm_manag,0
2026-08-30T01:01:20Z,3865938,torch_shm_manag,0
2026-08-30T01:01:21Z,3862689,vllm,0
2026-08-30T01:01:21Z,3863565,python3,0
2026-08-30T01:01:21Z,3863566,VLLM::EngineCor,0
2026-08-30T01:01:21Z,3863741,VLLM::Worker_TP,0
2026-08-30T01:01:21Z,3863856,VLLM::Worker_TP,0
2026-08-30T01:01:21Z,3863993,VLLM::Worker_TP,0
2026-08-30T01:01:21Z,3864120,VLLM::Worker_TP,0
2026-08-30T01:01:21Z,3864560,python3,0
2026-08-30T01:01:21Z,3865797,torch_shm_manag,0
2026-08-30T01:01:21Z,3865800,torch_shm_manag,0
2026-08-30T01:01:21Z,3865854,torch_shm_manag,0
2026-08-30T01:01:21Z,3865938,torch_shm_manag,0
2026-08-30T01:01:22Z,3862689,vllm,0
2026-08-30T01:01:22Z,3863565,python3,0
2026-08-30T01:01:22Z,3863566,VLLM::EngineCor,0
2026-08-30T01:01:22Z,3863741,VLLM::Worker_TP,0
2026-08-30T01:01:22Z,3863856,VLLM::Worker_TP,0
2026-08-30T01:01:22Z,3863993,VLLM::Worker_TP,0
2026-08-30T01:01:22Z,3864120,VLLM::Worker_TP,0
2026-08-30T01:01:22Z,3864560,python3,0
2026-08-30T01:01:22Z,3865797,torch_shm_manag,0
2026-08-30T01:01:22Z,3865800,torch_shm_manag,0
2026-08-30T01:01:22Z,3865854,torch_shm_manag,0
2026-08-30T01:01:22Z,3865938,torch_shm_manag,0
2026-08-30T01:01:24Z,3862689,vllm,0
2026-08-30T01:01:24Z,3863565,python3,0
2026-08-30T01:01:24Z,3863566,VLLM::EngineCor,0
2026-08-30T01:01:24Z,3863741,VLLM::Worker_TP,0
2026-08-30T01:01:24Z,3863856,VLLM::Worker_TP,0
2026-08-30T01:01:24Z,3863993,VLLM::Worker_TP,0
2026-08-30T01:01:24Z,3864120,VLLM::Worker_TP,0
2026-08-30T01:01:24Z,3864560,python3,0
2026-08-30T01:01:24Z,3865797,torch_shm_manag,0
2026-08-30T01:01:24Z,3865800,torch_shm_manag,0
2026-08-30T01:01:24Z,3865854,torch_shm_manag,0
2026-08-30T01:01:24Z,3865938,torch_shm_manag,0
2026-08-30T01:01:25Z,3862689,vllm,0
2026-08-30T01:01:25Z,3863565,python3,0
2026-08-30T01:01:25Z,3863566,VLLM::EngineCor,0
2026-08-30T01:01:25Z,3863741,VLLM::Worker_TP,0
2026-08-30T01:01:25Z,3863856,VLLM::Worker_TP,0
2026-08-30T01:01:25Z,3863993,VLLM::Worker_TP,0
2026-08-30T01:01:25Z,3864120,VLLM::Worker_TP,0
2026-08-30T01:01:25Z,3864560,python3,0
2026-08-30T01:01:25Z,3865797,torch_shm_manag,0
2026-08-30T01:01:25Z,3865800,torch_shm_manag,0
2026-08-30T01:01:25Z,3865854,torch_shm_manag,0
2026-08-30T01:01:25Z,3865938,torch_shm_manag,0
2026-08-30T01:01:26Z,3862689,vllm,0
2026-08-30T01:01:26Z,3863565,python3,0
2026-08-30T01:01:26Z,3863566,VLLM::EngineCor,0
2026-08-30T01:01:26Z,3863741,VLLM::Worker_TP,0
2026-08-30T01:01:26Z,3863856,VLLM::Worker_TP,0
2026-08-30T01:01:26Z,3863993,VLLM::Worker_TP,0
2026-08-30T01:01:26Z,3864120,VLLM::Worker_TP,0
2026-08-30T01:01:26Z,3864560,python3,0
2026-08-30T01:01:26Z,3865797,torch_shm_manag,0
2026-08-30T01:01:26Z,3865800,torch_shm_manag,0
2026-08-30T01:01:26Z,3865854,torch_shm_manag,0
2026-08-30T01:01:26Z,3865938,torch_shm_manag,0
2026-08-30T01:01:27Z,3862689,vllm,0
2026-08-30T01:01:27Z,3863565,python3,0
2026-08-30T01:01:27Z,3863566,VLLM::EngineCor,0
2026-08-30T01:01:27Z,3863741,VLLM::Worker_TP,0
2026-08-30T01:01:27Z,3863856,VLLM::Worker_TP,0
2026-08-30T01:01:27Z,3863993,VLLM::Worker_TP,0
2026-08-30T01:01:27Z,3864120,VLLM::Worker_TP,0
2026-08-30T01:01:27Z,3864560,python3,0
2026-08-30T01:01:27Z,3865797,torch_shm_manag,0
2026-08-30T01:01:27Z,3865800,torch_shm_manag,0
2026-08-30T01:01:27Z,3865854,torch_shm_manag,0
2026-08-30T01:01:27Z,3865938,torch_shm_manag,0
2026-08-30T01:01:29Z,3862689,vllm,0
2026-08-30T01:01:29Z,3863565,python3,0
2026-08-30T01:01:29Z,3863566,VLLM::EngineCor,0
2026-08-30T01:01:29Z,3863741,VLLM::Worker_TP,0
2026-08-30T01:01:29Z,3863856,VLLM::Worker_TP,0
2026-08-30T01:01:29Z,3863993,VLLM::Worker_TP,0
2026-08-30T01:01:29Z,3864120,VLLM::Worker_TP,0
2026-08-30T01:01:29Z,3864560,python3,0
2026-08-30T01:01:29Z,3865797,torch_shm_manag,0
2026-08-30T01:01:29Z,3865800,torch_shm_manag,0
2026-08-30T01:01:29Z,3865854,torch_shm_manag,0
2026-08-30T01:01:29Z,3865938,torch_shm_manag,0
2026-08-30T01:01:30Z,3862689,vllm,0
2026-08-30T01:01:30Z,3863565,python3,0
2026-08-30T01:01:30Z,3863566,VLLM::EngineCor,0
2026-08-30T01:01:30Z,3863741,VLLM::Worker_TP,0
2026-08-30T01:01:30Z,3863856,VLLM::Worker_TP,0
2026-08-30T01:01:30Z,3863993,VLLM::Worker_TP,0
2026-08-30T01:01:30Z,3864120,VLLM::Worker_TP,0
2026-08-30T01:01:30Z,3864560,python3,0
2026-08-30T01:01:30Z,3865797,torch_shm_manag,0
2026-08-30T01:01:30Z,3865800,torch_shm_manag,0
2026-08-30T01:01:30Z,3865854,torch_shm_manag,0
2026-08-30T01:01:30Z,3865938,torch_shm_manag,0
2026-08-30T01:01:31Z,3862689,vllm,0
2026-08-30T01:01:31Z,3863565,python3,0
2026-08-30T01:01:31Z,3863566,VLLM::EngineCor,0
2026-08-30T01:01:31Z,3863741,VLLM::Worker_TP,0
2026-08-30T01:01:31Z,3863856,VLLM::Worker_TP,0
2026-08-30T01:01:31Z,3863993,VLLM::Worker_TP,0
2026-08-30T01:01:31Z,3864120,VLLM::Worker_TP,0
2026-08-30T01:01:31Z,3864560,python3,0
2026-08-30T01:01:31Z,3865797,torch_shm_manag,0
2026-08-30T01:01:31Z,3865800,torch_shm_manag,0
2026-08-30T01:01:31Z,3865854,torch_shm_manag,0
2026-08-30T01:01:31Z,3865938,torch_shm_manag,0
2026-08-30T01:01:32Z,3862689,vllm,0
2026-08-30T01:01:32Z,3863565,python3,0
2026-08-30T01:01:32Z,3863566,VLLM::EngineCor,0
2026-08-30T01:01:32Z,3863741,VLLM::Worker_TP,0
2026-08-30T01:01:32Z,3863856,VLLM::Worker_TP,0
2026-08-30T01:01:32Z,3863993,VLLM::Worker_TP,0
2026-08-30T01:01:32Z,3864120,VLLM::Worker_TP,0
2026-08-30T01:01:32Z,3864560,python3,0
2026-08-30T01:01:32Z,3865797,torch_shm_manag,0
2026-08-30T01:01:32Z,3865800,torch_shm_manag,0
2026-08-30T01:01:32Z,3865854,torch_shm_manag,0
2026-08-30T01:01:32Z,3865938,torch_shm_manag,0
2026-08-30T01:01:34Z,3862689,vllm,0
2026-08-30T01:01:34Z,3863565,python3,0
2026-08-30T01:01:34Z,3863566,VLLM::EngineCor,0
2026-08-30T01:01:34Z,3863741,VLLM::Worker_TP,0
2026-08-30T01:01:34Z,3863856,VLLM::Worker_TP,0
2026-08-30T01:01:34Z,3863993,VLLM::Worker_TP,0
2026-08-30T01:01:34Z,3864120,VLLM::Worker_TP,0
2026-08-30T01:01:34Z,3864560,python3,0
2026-08-30T01:01:34Z,3865797,torch_shm_manag,0
2026-08-30T01:01:34Z,3865800,torch_shm_manag,0
2026-08-30T01:01:34Z,3865854,torch_shm_manag,0
2026-08-30T01:01:34Z,3865938,torch_shm_manag,0
2026-08-30T01:01:35Z,3862689,vllm,0
2026-08-30T01:01:35Z,3863565,python3,0
2026-08-30T01:01:35Z,3863566,VLLM::EngineCor,0
2026-08-30T01:01:35Z,3863741,VLLM::Worker_TP,0
2026-08-30T01:01:35Z,3863856,VLLM::Worker_TP,0
2026-08-30T01:01:35Z,3863993,VLLM::Worker_TP,0
2026-08-30T01:01:35Z,3864120,VLLM::Worker_TP,0
2026-08-30T01:01:35Z,3864560,python3,0
2026-08-30T01:01:35Z,3865797,torch_shm_manag,0
2026-08-30T01:01:35Z,3865800,torch_shm_manag,0
2026-08-30T01:01:35Z,3865854,torch_shm_manag,0
2026-08-30T01:01:35Z,3865938,torch_shm_manag,0
2026-08-30T01:01:36Z,3862689,vllm,0
2026-08-30T01:01:36Z,3863565,python3,0
2026-08-30T01:01:36Z,3863566,VLLM::EngineCor,0
2026-08-30T01:01:36Z,3863741,VLLM::Worker_TP,0
2026-08-30T01:01:36Z,3863856,VLLM::Worker_TP,0
2026-08-30T01:01:36Z,3863993,VLLM::Worker_TP,0
2026-08-30T01:01:36Z,3864120,VLLM::Worker_TP,0
2026-08-30T01:01:36Z,3864560,python3,0
2026-08-30T01:01:36Z,3865797,torch_shm_manag,0
2026-08-30T01:01:36Z,3865800,torch_shm_manag,0
2026-08-30T01:01:36Z,3865854,torch_shm_manag,0
2026-08-30T01:01:36Z,3865938,torch_shm_manag,0
2026-08-30T01:01:37Z,3862689,vllm,0
2026-08-30T01:01:37Z,3863565,python3,0
2026-08-30T01:01:37Z,3863566,VLLM::EngineCor,0
2026-08-30T01:01:37Z,3863741,VLLM::Worker_TP,0
2026-08-30T01:01:37Z,3863856,VLLM::Worker_TP,0
2026-08-30T01:01:37Z,3863993,VLLM::Worker_TP,0
2026-08-30T01:01:37Z,3864120,VLLM::Worker_TP,0
2026-08-30T01:01:37Z,3864560,python3,0
2026-08-30T01:01:37Z,3865797,torch_shm_manag,0
2026-08-30T01:01:37Z,3865800,torch_shm_manag,0
2026-08-30T01:01:37Z,3865854,torch_shm_manag,0
2026-08-30T01:01:37Z,3865938,torch_shm_manag,0
2026-08-30T01:01:39Z,3862689,vllm,0
2026-08-30T01:01:39Z,3863565,python3,0
2026-08-30T01:01:39Z,3863566,VLLM::EngineCor,0
2026-08-30T01:01:39Z,3863741,VLLM::Worker_TP,0
2026-08-30T01:01:39Z,3863856,VLLM::Worker_TP,0
2026-08-30T01:01:39Z,3863993,VLLM::Worker_TP,0
2026-08-30T01:01:39Z,3864120,VLLM::Worker_TP,0
2026-08-30T01:01:39Z,3864560,python3,0
2026-08-30T01:01:39Z,3865797,torch_shm_manag,0
2026-08-30T01:01:39Z,3865800,torch_shm_manag,0
2026-08-30T01:01:39Z,3865854,torch_shm_manag,0
2026-08-30T01:01:39Z,3865938,torch_shm_manag,0
2026-08-30T01:01:40Z,3862689,vllm,0
2026-08-30T01:01:40Z,3863565,python3,0
2026-08-30T01:01:40Z,3863566,VLLM::EngineCor,0
2026-08-30T01:01:40Z,3863741,VLLM::Worker_TP,0
2026-08-30T01:01:40Z,3863856,VLLM::Worker_TP,0
2026-08-30T01:01:40Z,3863993,VLLM::Worker_TP,0
2026-08-30T01:01:40Z,3864120,VLLM::Worker_TP,0
2026-08-30T01:01:40Z,3864560,python3,0
2026-08-30T01:01:40Z,3865797,torch_shm_manag,0
2026-08-30T01:01:40Z,3865800,torch_shm_manag,0
2026-08-30T01:01:40Z,3865854,torch_shm_manag,0
2026-08-30T01:01:40Z,3865938,torch_shm_manag,0
2026-08-30T01:01:41Z,3862689,vllm,0
2026-08-30T01:01:41Z,3863565,python3,0
2026-08-30T01:01:41Z,3863566,VLLM::EngineCor,0
2026-08-30T01:01:41Z,3863741,VLLM::Worker_TP,0
2026-08-30T01:01:41Z,3863856,VLLM::Worker_TP,0
2026-08-30T01:01:41Z,3863993,VLLM::Worker_TP,0
2026-08-30T01:01:41Z,3864120,VLLM::Worker_TP,0
2026-08-30T01:01:41Z,3864560,python3,0
2026-08-30T01:01:41Z,3865797,torch_shm_manag,0
2026-08-30T01:01:41Z,3865800,torch_shm_manag,0
2026-08-30T01:01:41Z,3865854,torch_shm_manag,0
2026-08-30T01:01:41Z,3865938,torch_shm_manag,0
2026-08-30T01:01:42Z,3862689,vllm,0
2026-08-30T01:01:42Z,3863565,python3,0
2026-08-30T01:01:42Z,3863566,VLLM::EngineCor,0
2026-08-30T01:01:42Z,3863741,VLLM::Worker_TP,0
2026-08-30T01:01:42Z,3863856,VLLM::Worker_TP,0
2026-08-30T01:01:42Z,3863993,VLLM::Worker_TP,0
2026-08-30T01:01:42Z,3864120,VLLM::Worker_TP,0
2026-08-30T01:01:42Z,3864560,python3,0
2026-08-30T01:01:42Z,3865797,torch_shm_manag,0
2026-08-30T01:01:42Z,3865800,torch_shm_manag,0
2026-08-30T01:01:42Z,3865854,torch_shm_manag,0
2026-08-30T01:01:42Z,3865938,torch_shm_manag,0
2026-08-30T01:01:43Z,3862689,vllm,0
2026-08-30T01:01:43Z,3863565,python3,0
2026-08-30T01:01:43Z,3863566,VLLM::EngineCor,0
2026-08-30T01:01:43Z,3863741,VLLM::Worker_TP,0
2026-08-30T01:01:43Z,3863856,VLLM::Worker_TP,0
2026-08-30T01:01:43Z,3863993,VLLM::Worker_TP,0
2026-08-30T01:01:43Z,3864120,VLLM::Worker_TP,0
2026-08-30T01:01:43Z,3864560,python3,0
2026-08-30T01:01:43Z,3865797,torch_shm_manag,0
2026-08-30T01:01:43Z,3865800,torch_shm_manag,0
2026-08-30T01:01:43Z,3865854,torch_shm_manag,0
2026-08-30T01:01:43Z,3865938,torch_shm_manag,0
2026-08-30T01:01:45Z,3862689,vllm,0
2026-08-30T01:01:45Z,3863565,python3,0
2026-08-30T01:01:45Z,3863566,VLLM::EngineCor,0
2026-08-30T01:01:45Z,3863741,VLLM::Worker_TP,0
2026-08-30T01:01:45Z,3863856,VLLM::Worker_TP,0
2026-08-30T01:01:45Z,3863993,VLLM::Worker_TP,0
2026-08-30T01:01:45Z,3864120,VLLM::Worker_TP,0
2026-08-30T01:01:45Z,3864560,python3,0
2026-08-30T01:01:45Z,3865797,torch_shm_manag,0
2026-08-30T01:01:45Z,3865800,torch_shm_manag,0
2026-08-30T01:01:45Z,3865854,torch_shm_manag,0
2026-08-30T01:01:45Z,3865938,torch_shm_manag,0
2026-08-30T01:01:46Z,3862689,vllm,0
2026-08-30T01:01:46Z,3863565,python3,0
2026-08-30T01:01:46Z,3863566,VLLM::EngineCor,0
2026-08-30T01:01:46Z,3863741,VLLM::Worker_TP,0
2026-08-30T01:01:46Z,3863856,VLLM::Worker_TP,0
2026-08-30T01:01:46Z,3863993,VLLM::Worker_TP,0
2026-08-30T01:01:46Z,3864120,VLLM::Worker_TP,0
2026-08-30T01:01:46Z,3864560,python3,0
2026-08-30T01:01:46Z,3865797,torch_shm_manag,0
2026-08-30T01:01:46Z,3865800,torch_shm_manag,0
2026-08-30T01:01:46Z,3865854,torch_shm_manag,0
2026-08-30T01:01:46Z,3865938,torch_shm_manag,0
2026-08-30T01:01:47Z,3862689,vllm,0
2026-08-30T01:01:47Z,3863565,python3,0
2026-08-30T01:01:47Z,3863566,VLLM::EngineCor,0
2026-08-30T01:01:47Z,3863741,VLLM::Worker_TP,0
2026-08-30T01:01:47Z,3863856,VLLM::Worker_TP,0
2026-08-30T01:01:47Z,3863993,VLLM::Worker_TP,0
2026-08-30T01:01:47Z,3864120,VLLM::Worker_TP,0
2026-08-30T01:01:47Z,3864560,python3,0
2026-08-30T01:01:47Z,3865797,torch_shm_manag,0
2026-08-30T01:01:47Z,3865800,torch_shm_manag,0
2026-08-30T01:01:47Z,3865854,torch_shm_manag,0
2026-08-30T01:01:47Z,3865938,torch_shm_manag,0
2026-08-30T01:01:48Z,3862689,vllm,0
2026-08-30T01:01:48Z,3863565,python3,0
2026-08-30T01:01:48Z,3863566,VLLM::EngineCor,0
2026-08-30T01:01:48Z,3863741,VLLM::Worker_TP,0
2026-08-30T01:01:48Z,3863856,VLLM::Worker_TP,0
2026-08-30T01:01:48Z,3863993,VLLM::Worker_TP,0
2026-08-30T01:01:48Z,3864120,VLLM::Worker_TP,0
2026-08-30T01:01:48Z,3864560,python3,0
2026-08-30T01:01:48Z,3865797,torch_shm_manag,0
2026-08-30T01:01:48Z,3865800,torch_shm_manag,0
2026-08-30T01:01:48Z,3865854,torch_shm_manag,0
2026-08-30T01:01:48Z,3865938,torch_shm_manag,0
2026-08-30T01:01:50Z,3862689,vllm,0
2026-08-30T01:01:50Z,3863565,python3,0
2026-08-30T01:01:50Z,3863566,VLLM::EngineCor,0
2026-08-30T01:01:50Z,3863741,VLLM::Worker_TP,0
2026-08-30T01:01:50Z,3863856,VLLM::Worker_TP,0
2026-08-30T01:01:50Z,3863993,VLLM::Worker_TP,0
2026-08-30T01:01:50Z,3864120,VLLM::Worker_TP,0
2026-08-30T01:01:50Z,3864560,python3,0
2026-08-30T01:01:50Z,3865797,torch_shm_manag,0
2026-08-30T01:01:50Z,3865800,torch_shm_manag,0
2026-08-30T01:01:50Z,3865854,torch_shm_manag,0
2026-08-30T01:01:50Z,3865938,torch_shm_manag,0
2026-08-30T01:01:51Z,3862689,vllm,0
2026-08-30T01:01:51Z,3863565,python3,0
2026-08-30T01:01:51Z,3863566,VLLM::EngineCor,0
2026-08-30T01:01:51Z,3863741,VLLM::Worker_TP,0
2026-08-30T01:01:51Z,3863856,VLLM::Worker_TP,0
2026-08-30T01:01:51Z,3863993,VLLM::Worker_TP,0
2026-08-30T01:01:51Z,3864120,VLLM::Worker_TP,0
2026-08-30T01:01:51Z,3864560,python3,0
2026-08-30T01:01:51Z,3865797,torch_shm_manag,0
2026-08-30T01:01:51Z,3865800,torch_shm_manag,0
2026-08-30T01:01:51Z,3865854,torch_shm_manag,0
2026-08-30T01:01:51Z,3865938,torch_shm_manag,0
2026-08-30T01:01:52Z,3862689,vllm,0
2026-08-30T01:01:52Z,3863565,python3,0
2026-08-30T01:01:52Z,3863566,VLLM::EngineCor,0
2026-08-30T01:01:52Z,3863741,VLLM::Worker_TP,0
2026-08-30T01:01:52Z,3863856,VLLM::Worker_TP,0
2026-08-30T01:01:52Z,3863993,VLLM::Worker_TP,0
2026-08-30T01:01:52Z,3864120,VLLM::Worker_TP,0
2026-08-30T01:01:52Z,3864560,python3,0
2026-08-30T01:01:52Z,3865797,torch_shm_manag,0
2026-08-30T01:01:52Z,3865800,torch_shm_manag,0
2026-08-30T01:01:52Z,3865854,torch_shm_manag,0
2026-08-30T01:01:52Z,3865938,torch_shm_manag,0
2026-08-30T01:01:53Z,3862689,vllm,0
2026-08-30T01:01:53Z,3863565,python3,0
2026-08-30T01:01:53Z,3863566,VLLM::EngineCor,0
2026-08-30T01:01:53Z,3863741,VLLM::Worker_TP,0
2026-08-30T01:01:53Z,3863856,VLLM::Worker_TP,0
2026-08-30T01:01:53Z,3863993,VLLM::Worker_TP,0
2026-08-30T01:01:53Z,3864120,VLLM::Worker_TP,0
2026-08-30T01:01:53Z,3864560,python3,0
2026-08-30T01:01:53Z,3865797,torch_shm_manag,0
2026-08-30T01:01:53Z,3865800,torch_shm_manag,0
2026-08-30T01:01:53Z,3865854,torch_shm_manag,0
2026-08-30T01:01:53Z,3865938,torch_shm_manag,0
2026-08-30T01:01:55Z,3862689,vllm,0
2026-08-30T01:01:55Z,3863565,python3,0
2026-08-30T01:01:55Z,3863566,VLLM::EngineCor,0
2026-08-30T01:01:55Z,3863741,VLLM::Worker_TP,0
2026-08-30T01:01:55Z,3863856,VLLM::Worker_TP,0
2026-08-30T01:01:55Z,3863993,VLLM::Worker_TP,0
2026-08-30T01:01:55Z,3864120,VLLM::Worker_TP,0
2026-08-30T01:01:55Z,3864560,python3,0
2026-08-30T01:01:55Z,3865797,torch_shm_manag,0
2026-08-30T01:01:55Z,3865800,torch_shm_manag,0
2026-08-30T01:01:55Z,3865854,torch_shm_manag,0
2026-08-30T01:01:55Z,3865938,torch_shm_manag,0
2026-08-30T01:01:56Z,3862689,vllm,0
2026-08-30T01:01:56Z,3863565,python3,0
2026-08-30T01:01:56Z,3863566,VLLM::EngineCor,0
2026-08-30T01:01:56Z,3863741,VLLM::Worker_TP,0
2026-08-30T01:01:56Z,3863856,VLLM::Worker_TP,0
2026-08-30T01:01:56Z,3863993,VLLM::Worker_TP,0
2026-08-30T01:01:56Z,3864120,VLLM::Worker_TP,0
2026-08-30T01:01:56Z,3864560,python3,0
2026-08-30T01:01:56Z,3865797,torch_shm_manag,0
2026-08-30T01:01:56Z,3865800,torch_shm_manag,0
2026-08-30T01:01:56Z,3865854,torch_shm_manag,0
2026-08-30T01:01:56Z,3865938,torch_shm_manag,0
